side,price,quantity,pnl,fee,hour,day_of_week,minute,price_change,price_volatility,price_sma_5,price_sma_20,volume_change,volume_sma,price_momentum_5,price_momentum_20,price_high_10,price_low_10,price_position,is_long,is_short,notional_value,net_result,is_profitable,is_loss,is_breakeven,fee_ratio,fee_to_pnl_ratio,rolling_pnl_5,rolling_pnl_20,rolling_winrate_10,rolling_winrate_50,win_streak,loss_streak,position_size_zscore
BUY,118443.6,0.008442837,0.0,0.4,10,2,54,0.0001005258344190769,438.53283730300063,117575.67117647061,117541.80549468084,-0.0005089151547902118,0.008489683218497409,0.0004071204771660815,0.0005689227329646845,117942.82575129533,116911.68857512953,0.5152875849317207,1,0,1000.0000084932001,-0.4,0,1,0,0.00039999999660272,inf,-1.3049117020460355,-5.226300983510639,0.06735751295336788,0.0677456647398844,0,1,-0.011240172404909057
BUY,118443.6,0.008442837,0.0,0.4,10,2,54,0.0,0.0,117575.67117647061,117541.80549468084,0.0,0.008489683218497409,0.0004071204771660815,0.0005689227329646845,117942.82575129533,116911.68857512953,0.5152875849317207,1,0,1000.0000084932001,-0.4,0,1,0,0.00039999999660272,inf,-1.3049117020460355,-5.226300983510639,0.06735751295336788,0.0677456647398844,0,2,-0.011240172404909057
BUY,118443.6,0.008442837,0.0,0.4,10,2,54,0.0,0.0,117575.67117647061,117541.80549468084,0.0,0.008489683218497409,0.0004071204771660815,0.0005689227329646845,117942.82575129533,116911.68857512953,0.5152875849317207,1,0,1000.0000084932001,-0.4,0,1,0,0.00039999999660272,inf,-1.3049117020460355,-5.226300983510639,0.06735751295336788,0.0677456647398844,0,3,-0.011240172404909057
SELL,118443.6,0.008442837,0.0,0.4,10,2,54,0.0,0.0,117575.67117647061,117541.80549468084,0.0,0.008489683218497409,0.0004071204771660815,0.0005689227329646845,117942.82575129533,116911.68857512953,0.5152875849317207,0,1,1000.0000084932001,-0.4,0,1,0,0.00039999999660272,inf,-1.3049117020460355,-5.226300983510639,0.06735751295336788,0.0677456647398844,0,4,-0.011240172404909057
SELL,118443.6,0.008442837,0.0,0.4,10,2,54,0.0,0.0,118443.6,117541.80549468084,0.0,0.008489683218497409,0.0004071204771660815,0.0005689227329646845,117942.82575129533,116911.68857512953,0.5152875849317207,0,1,1000.0000084932001,-0.4,0,1,0,0.00039999999660272,inf,0.0,-5.226300983510639,0.06735751295336788,0.0677456647398844,0,5,-0.011240172404909057
SELL,118443.6,0.008442837,0.0,0.4,10,2,54,0.0,0.0,118443.6,117541.80549468084,0.0,0.008489683218497409,0.0,0.0005689227329646845,117942.82575129533,116911.68857512953,0.5152875849317207,0,1,1000.0000084932001,-0.4,0,1,0,0.00039999999660272,inf,0.0,-5.226300983510639,0.06735751295336788,0.0677456647398844,0,6,-0.011240172404909057
BUY,118324.7,0.008442837,-1.0038533,0.0,11,2,0,-0.0010038533107741276,44.93997584079904,118419.81999999999,117541.80549468084,0.0,0.008489683218497409,-0.0010038533107741467,0.0005689227329646845,117942.82575129533,116911.68857512953,0.5152875849317207,1,0,998.9961551739,-1.0038533,0,1,0,0.0,0.0,-1.0038533,-5.226300983510639,0.06735751295336788,0.0677456647398844,0,7,-2.267786838055406
BUY,118324.7,0.008442837,-1.0038533,0.0,11,2,0,0.0,55.04000493148006,118396.04000000001,117541.80549468084,0.0,0.008489683218497409,-0.0010038533107741467,0.0005689227329646845,117942.82575129533,116911.68857512953,0.5152875849317207,1,0,998.9961551739,-1.0038533,0,1,0,0.0,0.0,-2.0077066,-5.226300983510639,0.06735751295336788,0.0677456647398844,0,8,-1.6201851746019345
BUY,118324.7,0.008442837,-1.0038533,0.0,11,2,0,0.0,59.450000000001396,118372.26000000001,117541.80549468084,0.0,0.008489683218497409,-0.0010038533107741467,0.0005689227329646845,117942.82575129533,116911.68857512953,0.5152875849317207,1,0,998.9961551739,-1.0038533,0,1,0,0.0,0.0,-3.0115599,-5.226300983510639,0.06735751295336788,0.0677456647398844,0,9,-1.3333333333333144
BUY,118322.7,0.008451464,0.0,0.4,11,2,9,-1.690264162934607e-05,61.660597899578015,118348.08,117541.80549468084,0.0010218129285215483,0.0084436997,-0.0010207389846307333,0.0005689227329646845,118443.6,118322.7,0.0,1,0,1000.0000394328,-0.4,0,1,0,0.00039999998422688066,inf,-3.0115599,-5.226300983510639,0.0,0.0677456647398844,0,10,0.6211136932142327
BUY,118202.8,0.008451464,-1.0133306,0.0,11,2,12,-0.0010133304936414955,83.9333227429147,118299.92,117541.80549468084,0.0,0.008444562400000001,-0.0020330351323330506,0.0005689227329646845,118443.6,118202.8,0.0,1,0,998.9867088992,-1.0133306,0,1,0,0.0,0.0,-4.0248905,-5.226300983510639,0.0,0.0677456647398844,0,11,-1.275251425850506
BUY,118159.9,0.008463108,0.0,0.4,11,2,24,-0.00036293556497823953,102.78258012803937,118266.95999999999,117541.80549468084,0.001377749464471556,0.0084465895,-0.0013927776702582209,0.0005689227329646845,118443.6,118159.9,0.0,1,0,999.9999949692,-0.4,0,1,0,0.00040000000201232,inf,-3.0210372,-5.226300983510639,0.0,0.0677456647398844,0,12,0.6769631184842495
BUY,118159.9,0.008463108,0.0,0.4,11,2,24,0.0,110.88347036415496,118234.0,117541.80549468084,0.0,0.0084486166,-0.0013927776702582209,0.0005689227329646845,118443.6,118159.9,0.0,1,0,999.9999949692,-0.4,0,1,0,0.00040000000201232,inf,-2.0171839,-5.226300983510639,0.0,0.0677456647398844,0,13,0.6404760981188355
BUY,118145.52,0.008442837,2.516641,0.39899334,11,2,29,-0.00012169949365214983,112.530766637384,118198.16400000002,117541.80549468084,-0.002395219344949906,0.0084486166,-0.0015143076635731425,0.0005689227329646845,118443.6,118145.52,0.0,1,0,997.48336764024,2.11764766,1,0,0,0.0003999999929261016,0.15854201691858313,1.5033104,-5.226300983510639,0.1,0.0677456647398844,1,0,-2.7298332595667034
BUY,118145.52,0.008442837,0.0,0.39899334,11,2,29,0.0,105.15094369522265,118162.728,117541.80549468084,0.0,0.0084486166,-0.0014974303324720702,0.0005689227329646845,118443.6,118145.52,0.0,1,0,997.48336764024,-0.39899334,0,1,0,0.0003999999929261016,inf,1.5033104,-5.226300983510639,0.1,0.0677456647398844,0,1,-2.134071560229882
BUY,118145.52,0.008442837,0.0,0.39899334,11,2,29,0.0,86.46263100319425,118151.272,117541.80549468084,0.0,0.0084486166,-0.0004845908895559059,0.0005689227329646845,118324.7,118145.52,0.0,1,0,997.48336764024,-0.39899334,0,1,0,0.0003999999929261016,inf,2.516641,-5.226300983510639,0.1,0.0677456647398844,0,2,-1.8128468904226758
BUY,118040.0,0.008463108,-1.0147266,0.0,11,2,30,-0.0008931358548339707,96.49464144013768,118127.29199999999,117541.80549468084,0.0024009701952081297,0.0084506437,-0.0010147266543048376,0.0005689227329646845,118324.7,118040.0,0.0,1,0,998.98526832,-1.0147266,0,1,0,0.0,0.0,1.5019144,-5.226300983510639,0.1,0.0677456647398844,0,3,-0.2854961471047864
BUY,118040.0,0.008463108,-1.0147266,0.0,11,2,30,0.0,96.6718319539202,118103.312,117541.80549468084,0.0,0.008452670800000001,-0.0010147266543048376,0.0005689227329646845,118324.7,118040.0,0.0,1,0,998.98526832,-1.0147266,0,1,0,0.0,0.0,0.48718780000000006,-5.226300983510639,0.1,0.0677456647398844,0,4,-0.2772674544258217
BUY,118023.3,0.008442837,-1.0318836,0.0,11,2,31,-0.00014147746526593785,89.32053928280179,118078.86799999999,117541.80549468084,-0.002395219344949906,0.008452670800000001,-0.0010344869615030782,0.0005689227329646845,118322.7,118023.3,0.0,1,0,996.4514841021,-1.0318836,0,1,0,0.0,0.0,-3.0613368,-5.226300983510639,0.1,0.0677456647398844,0,5,-2.3814703711783904
BUY,118023.3,0.008442837,-1.0318836,0.0,11,2,31,0.0,68.4676512749132,118054.424,118252.20800000001,0.0,0.0084518081,-0.0010344869615030782,0.0005689227329646845,118202.8,118023.3,0.0,1,0,996.4514841021,-1.0318836,0,1,0,0.0,0.0,-4.0932204,-5.6014699,0.1,0.0677456647398844,0,6,-2.0391567639675685
BUY,117986.0,0.008475582,0.0,0.4,11,2,39,-0.00031603929054691005,69.63146083322414,118022.51999999999,118229.32800000001,0.003878435649059764,0.0084542199,-0.001350199313524576,-0.003863442178387062,118159.9,117986.0,0.0,1,0,1000.000017852,-0.4,0,1,0,0.00039999999285920013,inf,-4.0932204,-5.6014699,0.1,0.0677456647398844,0,7,0.8064108230034442
BUY,117986.0,0.008475582,0.0,0.4,11,2,39,0.0,71.07364008931775,118011.72,118206.448,0.0,0.0084554673,-0.00045747204337512706,-0.003863442178387062,118159.9,117986.0,0.0,1,0,1000.000017852,-0.4,0,1,0,0.00039999999285920013,inf,-3.0784938,-5.6014699,0.1,0.0677456647398844,0,8,0.7768022812902641
SELL,117986.0,0.008475582,0.0,0.4,11,2,39,0.0,67.69311194230934,118000.92,118183.56800000001,0.0,0.008456714700000001,-0.00045747204337512706,-0.003863442178387062,118145.52,117986.0,0.0,0,1,1000.000017852,-0.4,0,1,0,0.00039999999285920013,inf,-2.0637672,-5.6014699,0.1,0.0677456647398844,0,9,0.7502729248938521
SELL,117986.0,0.008475582,0.0,0.4,11,2,39,0.0,61.77339578374781,117993.46,118160.68800000001,0.0,0.0084599892,-0.00031603929054689123,-0.003863442178387062,118145.52,117986.0,0.0,0,1,1000.000017852,-0.4,0,1,0,0.00039999999285920013,inf,-1.0318836,-5.6014699,0.0,0.0677456647398844,0,10,0.7263201324316667
SELL,118106.9,0.008475582,-1.0246979,0.0,11,2,56,0.001024697845507072,55.01441059687784,118010.18000000001,118143.853,0.0,0.0084632637,0.0007083347101800345,-0.0028427031937564512,118145.52,117986.0,0.7578986960882089,0,1,1001.0247157158,-1.0246979,0,1,0,0.0,0.0,-1.0246979,-6.6261678,0.0,0.0677456647398844,0,11,1.4822471171958058
SELL,118106.9,0.008475582,-1.0246979,0.0,11,2,56,0.0,46.94756413027201,118034.36000000002,118127.018,0.0,0.008466538200000002,0.0010246978455070448,-0.0028427031937564512,118106.9,117986.0,1.0,0,1,1001.0247157158,-1.0246979,0,1,0,0.0,0.0,-2.0493958,-7.650865700000001,0.0,0.0677456647398844,0,12,1.3945452186850307
SELL,118284.99,0.008475582,2.5341144,0.40101364,12,2,3,0.0015078712590035348,93.99699929601626,118094.15800000001,118125.03250000002,0.0,0.008467785600000001,0.0025341142169410373,-0.00033560194955061667,118284.99,117986.0,1.0,0,1,1002.5341321141801,2.13310076,1,0,0,0.0003999999871867983,0.15824606813330921,0.4847185999999999,-4.1128979999999995,0.1,0.0677456647398844,1,0,2.276269694084761
SELL,118284.99,0.008475582,0.0,0.40101364,12,2,3,0.0,118.88237032176984,118153.956,118123.04699999999,0.0,0.008469033,0.0025341142169410373,-0.00033560194955061667,118284.99,117986.0,1.0,0,1,1002.5341321141801,-0.40101364,0,1,0,0.0003999999871867983,inf,0.4847185999999999,-3.1090447,0.1,0.0677456647398844,0,1,2.048594620678413
BUY,118276.9,0.008454736,0.0,0.4,12,2,9,-6.83941385970499e-05,132.33796472160185,118212.13599999998,118120.65699999998,-0.0024595361120924863,0.008470222900000001,0.00246554675978501,-0.0004039731349414189,118284.99,117986.0,0.9729422388708288,1,0,999.9999643983998,-0.4,0,1,0,0.0004000000142406406,inf,0.4847185999999999,-2.1051914,0.1,0.0677456647398844,0,2,0.3229920462177484
SELL,118276.9,0.008454736,0.0,0.4,12,2,9,0.0,139.51515670743683,118246.13599999998,118118.36700000001,0.0,0.008471412800000001,0.0014393739908506616,-0.00038707703593649325,118284.99,117986.0,0.9729422388708288,0,1,999.9999643983998,-0.4,0,1,0,0.0004000000142406406,inf,1.5094165,-2.1051914,0.1,0.0677456647398844,0,3,0.3171815151772161
SELL,118276.9,0.008454736,0.0,0.4,12,2,9,0.0,136.88328976820955,118280.13599999998,118122.072,0.0,0.008469328199999999,0.0014393739908506616,0.0006268887031440141,118284.99,117986.0,0.9729422388708288,0,1,999.9999643983998,-0.4,0,1,0,0.0004000000142406406,inf,2.5341144,-1.0918608,0.1,0.0677456647398844,0,4,0.31167450099001265
BUY,118252.5,0.008456481,0.0,0.4,12,2,24,-0.00020629556574436325,125.28995533025373,118273.63799999999,118126.702,0.00020639319784798715,0.0084674181,-0.0002746755949339408,0.0007836838047426057,118284.99,117986.0,0.891334158333039,1,0,1000.0000194525,-0.4,0,1,0,0.00039999999221900016,inf,0.0,-1.0918608,0.1,0.0677456647398844,0,5,0.3064837928239051
BUY,118153.8,0.008454736,-1.040778,0.0,12,2,52,-0.0008346546584638848,105.51710938669615,118247.4,118126.397,-0.00020635060848606113,0.0084653335,-0.0011091009941329186,-5.1624959059640954e-05,118284.99,117986.0,0.5612227833706812,1,0,998.9591863968,-1.040778,0,1,0,0.0,0.0,-1.040778,-2.1326388,0.1,0.0677456647398844,0,6,-0.4370491824473929
BUY,118125.0,0.008456481,-1.0782013,0.0,12,2,52,-0.00024375009521493407,80.21717699118763,118217.01999999999,118125.371,0.00020639319784798715,0.0084634234,-0.0012842744441221758,-0.00017368411430246423,118284.99,118106.9,0.10163400527825649,1,0,998.921818125,-1.0782013,0,1,0,0.0,0.0,-2.1189793,-5.7274811,0.1,0.0677456647398844,0,7,-0.4562162801785704
BUY,118038.3,0.008471826,0.0,0.4,12,2,54,-0.0007339682539682091,92.44935247649822,118169.3,118120.01000000001,0.0018145845772017388,0.008463047800000002,-0.002017300081419037,-0.0009075248896445769,118284.99,118038.3,0.0,1,0,999.9999389358001,-0.4,0,1,0,0.0004000000244256815,inf,-2.1189793,-5.7274811,0.1,0.0677456647398844,0,8,0.33645415378026067
BUY,118038.3,0.008471826,0.0,0.4,12,2,54,0.0,102.73457632814413,118121.58,118114.649,0.0,0.008462672199999998,-0.002017300081419037,-0.0009075248896445769,118284.99,118038.3,0.0,1,0,999.9999389358001,-0.4,0,1,0,0.0004000000244256815,inf,-2.1189793,-5.7274811,0.1,0.0677456647398844,0,9,0.33134791191101426
BUY,117965.78,0.008475582,2.7054906,0.39993146,12,2,59,-0.0006143768590364251,121.55634670111542,118064.236,118110.938,0.0004433518818729443,0.0084626722,-0.0024246421851546575,-0.0006287699085056012,118284.99,117965.78,0.0,1,0,999.82864158396,2.30555914,1,0,0,0.00040000000336699296,0.14782215839153165,0.5865113000000002,-2.0072639,0.1,0.0677456647398844,1,0,0.19843037248913706
BUY,117965.78,0.008454736,0.0,0.3989478,12,2,59,0.0,129.3567308045124,118026.63200000001,118107.227,-0.0024595361120924863,0.0084605876,-0.0015913157257744065,-0.0006287699085056012,118276.9,117965.78,0.0,1,0,997.3695269340799,-0.3989478,0,1,0,0.0003999999891979536,inf,1.6272893000000002,-0.9925373,0.1,0.0677456647398844,0,1,-1.612015619506015
BUY,117965.78,0.008454736,0.0,0.3989478,12,2,59,0.0,129.38879525585878,117994.78800000002,118104.351,0.0,0.0084605876,-0.0013478941798941897,-0.000487361393894291,118276.9,117965.78,0.0,1,0,997.3695269340799,-0.3989478,0,1,0,0.0003999999891979536,inf,2.7054906,0.039346300000000056,0.1,0.0677456647398844,0,2,-1.5399472313251148
BUY,117916.0,0.008471826,-1.0361043,0.0,12,2,59,-0.0004219867829466928,126.69831150319102,117970.32800000001,118098.98599999999,0.0020213522929635186,0.008462296599999999,-0.0010361043830689099,-0.0009091425167742548,118276.9,117916.0,0.0,1,0,998.963834616,-1.0361043,0,1,0,0.0,0.0,1.6693863,0.03512559999999998,0.1,0.0677456647398844,0,3,-0.35934318511791613
BUY,117916.0,0.008471826,-1.0361043,0.0,12,2,59,0.0,111.66488229410515,117945.86799999999,118095.48599999999,0.0,0.008464005600000001,-0.0010361043830689099,-0.0005932907294085739,118252.5,117916.0,0.0,1,0,998.963834616,-1.0361043,0,1,0,0.0,0.0,0.6332819999999999,-1.0009787,0.1,0.0677456647398844,0,4,-0.35447281945389625
SELL,118084.2,0.008468534,0.0,0.4,13,2,9,0.0014264391600800064,84.37601873609994,117969.552,118100.396,-0.0003885821073285056,0.0084652109,0.0010038504386610952,0.0008323021375417175,118153.8,117916.0,0.7073170731707108,0,1,1000.0000625627999,-0.4,0,1,0,0.0003999999749748816,inf,-2.0722086,-1.0009787,0.1,0.0677456647398844,0,5,0.4209009047584141
SELL,118084.2,0.008468534,0.0,0.4,13,2,9,0.0,74.06921810770798,117993.23599999999,118105.30599999998,0.0,0.0084665907,0.0010038504386610952,0.0008323021375417175,118125.0,117916.0,0.8047846889952014,0,1,1000.0000625627999,-0.4,0,1,0,0.0003999999749748816,inf,-2.0722086,-1.0009787,0.1,0.0677456647398844,0,6,0.41522059336091005
SELL,118084.2,0.008468534,0.0,0.4,13,2,9,0.0,67.89291571600114,118016.92,118110.21599999999,0.0,0.008467796,0.0010038504386610952,0.0008323021375417175,118084.2,117916.0,1.0,0,1,1000.0000625627999,-0.4,0,1,0,0.0003999999749748816,inf,-2.0722086,-1.0009787,0.1,0.0677456647398844,0,7,0.40976500700537055
BUY,117810.8,0.008454736,-1.310315,0.0,13,2,17,-0.0023152970507485104,90.2482545474524,117995.88,118095.411,-0.0016293256896648955,0.008466087,-0.0008921605210488576,-0.002507050815828637,118084.2,117810.8,0.0,1,0,996.0592119487999,-1.310315,0,1,0,0.0,0.0,-2.3464193,-1.2865958,0.1,0.0677456647398844,0,8,-2.4351498608559146
BUY,117810.8,0.008454736,-1.310315,0.0,13,2,17,0.0,102.6153400053546,117974.84,118080.606,0.0,0.008464378,-0.0008921605210488576,-0.002507050815828637,118084.2,117810.8,0.0,1,0,996.0592119487999,-1.310315,0,1,0,0.0,0.0,-2.62063,-1.5722128999999998,0.1,0.0677456647398844,0,9,-2.2644743924496766
BUY,117803.7,0.008488698,0.0,0.4,13,2,24,-6.0266121612029266e-05,113.84844391642126,117918.73999999999,118056.54149999998,0.004016920220808906,0.0084656896,-0.002375423638386846,-0.004068901726246146,118084.2,117803.7,0.0,1,0,1000.0000325825999,-0.4,0,1,0,0.0003999999869669605,inf,-2.62063,-4.1063273,0.0,0.0677456647398844,0,10,0.46275656210776855
BUY,117803.7,0.008488698,0.0,0.4,13,2,24,0.0,121.69327104546228,117862.63999999998,118032.477,0.0,0.0084690858,-0.002375423638386846,-0.004068901726246146,118084.2,117803.7,0.0,1,0,1000.0000325825999,-0.4,0,1,0,0.0003999999869669605,inf,-2.62063,-4.1063273,0.0,0.0677456647398844,0,11,0.45697416095505117
BUY,117786.67,0.008468534,2.5196428,0.39899218,13,2,45,-0.00014456252222971866,128.49550861570614,117803.134,118007.9655,-0.00237539372940343,0.008470465600000001,-0.002519642763384084,-0.004144765376840245,118084.2,117786.67,0.0,1,0,997.4804196417799,2.12065062,1,0,0,0.0004000000121739613,0.15835267602217265,-0.10098719999999961,-1.5866845,0.1,0.0677456647398844,1,0,-1.2842722845784897
BUY,117786.67,0.008468534,0.0,0.39899218,13,2,45,0.0,134.20900344018415,117798.308,117983.45399999998,0.0,0.0084701364,-0.00020481993161921197,-0.004144765376840245,118084.2,117786.67,0.0,1,0,997.4804196417799,-0.39899218,0,1,0,0.0004000000121739613,inf,1.2093278000000003,-1.5866844999999996,0.1,0.08,0,1,-1.2507448984109764
BUY,117786.67,0.008468534,0.0,0.39899218,13,2,45,0.0,138.35217040005372,117793.482,117958.9425,0.0,0.0084698072,-0.00020481993161921197,-0.004144765376840245,118084.2,117786.67,0.0,1,0,997.4804196417799,-0.39899218,0,1,0,0.0004000000121739613,inf,2.5196428,-1.5866844999999996,0.1,0.08,0,2,-1.2004570278154816
BUY,117593.1,0.008488698,-1.7877198,0.0,13,2,49,-0.0016433947916176805,146.38415620459554,117751.362,117925.97249999999,0.0023810496598348774,0.0084718236,-0.0017877197405513686,-0.005576203462928853,118084.2,117593.1,0.0,1,0,998.2123127838,-1.7877198,0,1,0,0.0,0.0,0.7319230000000001,-3.3744042999999997,0.1,0.08,0,3,-0.6716639901318593
BUY,117593.1,0.008488698,-1.7877198,0.0,13,2,49,0.0,135.4835094063387,117709.24200000001,117897.9375,0.0,0.00847384,-0.0017877197405513686,-0.004745509666214689,118084.2,117593.1,0.0,1,0,998.2123127838,-1.7877198,0,1,0,0.0,0.0,-1.0557968,-4.1213461,0.1,0.08,0,4,-0.6463877225878881
BUY,117593.1,0.008468534,-1.6392541,0.0,13,2,49,0.0,99.61778683740982,117670.528,117871.3425,-0.00237539372940343,0.00847384,-0.001643394791617697,-0.004502857142857093,117810.8,117593.1,0.0,1,0,995.8411655154,-1.6392541,0,1,0,0.0,0.0,-5.2146937,-4.6823989,0.1,0.08,0,5,-2.1159471537811356
BUY,117593.1,0.008468534,-1.6392541,0.0,13,2,49,0.0,105.2833159144202,117631.81400000001,117849.08249999999,0.0,0.0084752198,-0.001643394791617697,-0.003771657165513203,117810.8,117593.1,0.0,1,0,995.8411655154,-1.6392541,0,1,0,0.0,0.0,-6.8539478,-6.3216529999999995,0.1,0.08,0,6,-1.982911996756747
BUY,117538.5,0.008507851,0.0,0.4,13,2,54,-0.0004643129571378912,112.72103771374972,117582.18000000001,117824.0925,0.004642716200938812,0.0084805313,-0.002106944699260097,-0.0042342188933592135,117803.7,117538.5,0.0,1,0,1000.0000447635,-0.4,0,1,0,0.00039999998209460085,inf,-6.8539478,-6.3216529999999995,0.1,0.08,0,7,0.6367252621662078
BUY,117538.5,0.008507851,0.0,0.4,13,2,54,0.0,113.62477697782582,117571.26000000001,117802.72850000001,0.0,0.0084824466,-0.0004643129571378407,-0.0036220673486836506,117803.7,117538.5,0.0,1,0,1000.0000447635,-0.4,0,1,0,0.00039999998209460085,inf,-5.066228000000001,-9.027143599999999,0.1,0.08,0,8,0.6215630295777667
BUY,117538.5,0.008507851,0.0,0.4,13,2,54,0.0,107.48132648630843,117560.34000000001,117781.3645,0.0,0.0084843619,-0.0004643129571378407,-0.0036220673486836506,117786.67,117538.5,0.0,1,0,1000.0000447635,-0.4,0,1,0,0.00039999998209460085,inf,-3.2785082,-9.027143599999999,0.1,0.08,0,9,0.6066297408339708
SELL,117538.5,0.008507851,0.0,0.4,13,2,54,0.0,96.61838509153888,117549.42,117760.00050000001,0.0,0.008488293599999999,-0.0004643129571378407,-0.0036220673486836506,117786.67,117538.5,0.0,0,1,1000.0000447635,-0.4,0,1,0,0.00039999998209460085,inf,-1.6392541,-9.027143599999999,0.0,0.08,0,10,0.5919136833560946
BUY,117400.0,0.008507851,-1.1783373,0.0,13,2,55,-0.0011783373107534523,95.41269797232201,117510.8,117734.2005,0.0,0.0084922253,-0.0016421031506100767,-0.0043759964720648595,117786.67,117400.0,0.0,1,0,998.8217074,-1.1783373,0,1,0,0.0,0.0,-1.1783373,-9.1693766,0.0,0.08,0,11,-0.12756289538949822
BUY,117400.0,0.008507851,-1.1783373,0.0,13,2,55,0.0,74.49514823811114,117483.1,117708.40050000002,0.0,0.008496157,-0.0011783373107534978,-0.0043759964720648595,117593.1,117400.0,0.0,1,0,998.8217074,-1.1783373,0,1,0,0.0,0.0,-2.3566746,-9.3116096,0.0,0.08,0,12,-0.12548110879550708
BUY,117400.0,0.008507851,-1.1783373,0.0,13,2,55,0.0,81.75501411679426,117455.4,117674.1905,0.0,0.008498072300000001,-0.0011783373107534978,-0.005794170600300439,117593.1,117400.0,0.0,1,0,998.8217074,-1.1783373,0,1,0,0.0,0.0,-3.5350118999999998,-10.4899469,0.0,0.08,0,13,-0.11117684600423046
BUY,117457.2,0.008513739,0.0,0.4,14,2,9,0.0004872231686541273,78.24135308923928,117439.13999999998,117642.8405,0.0006920666570204848,0.0085005764,-0.0006916882553376375,-0.005309770485805891,117593.1,117400.0,0.2962195753495358,1,0,999.9999444707998,-0.4,0,1,0,0.0004000000222116813,inf,-3.5350118999999998,-10.4899469,0.0,0.08,0,14,0.6276973728786541
SELL,117457.2,0.008513739,0.0,0.4,14,2,9,0.0,71.75735734566133,117422.88,117611.4905,0.0,0.0085050969,-0.0006916882553376375,-0.005309770485805891,117593.1,117400.0,0.2962195753495358,0,1,999.9999444707998,-0.4,0,1,0,0.0004000000222116813,inf,-3.5350118999999998,-10.4899469,0.0,0.06,0,15,0.5995651986916777
SELL,117457.2,0.008513739,0.0,0.4,14,2,9,0.0,61.36863476753227,117434.31999999999,117593.81050000002,0.0,0.008509617399999999,0.000487223168654149,-0.003001422619997537,117538.5,117400.0,0.41299638989167575,0,1,999.9999444707998,-0.4,0,1,0,0.0004000000222116813,inf,-2.3566746,-9.179631899999999,0.0,0.06,0,16,0.5717215502616836
BUY,117337.7,0.008513739,-1.0173918,0.0,14,2,10,-0.00101739186699501,69.68345571148248,117421.86000000002,117570.1555,0.0,0.0085102062,-0.0005306643952300077,-0.004015760864029493,117538.5,117337.7,0.0,1,0,998.9825526602999,-1.0173918,0,1,0,0.0,0.0,-2.1957291,-8.8867087,0.0,0.06,0,17,-0.09443996916195764
SELL,117578.5,0.008513739,-1.0327165,0.0,14,2,22,0.002052196352919866,76.02898277707666,117457.56000000001,117558.89550000001,0.0,0.008510794999999998,0.0015204429301533219,-0.001911654727313294,117578.5,117337.7,1.0,0,1,1001.0326610115,-1.0327165,0,1,0,0.0,0.0,-2.0501082999999998,-9.9194252,0.0,0.06,0,18,1.1782701539753375
SELL,117578.5,0.008513739,-1.0327165,0.0,14,2,22,0.0,81.66684081550095,117481.81999999999,117547.6355,0.0,0.0085113838,0.0010327165980459512,-0.001911654727313294,117578.5,117337.7,1.0,0,1,1001.0326610115,-1.0327165,0,1,0,0.0,0.0,-3.0828248,-10.9521417,0.0,0.06,0,19,1.1369073675095154
SELL,117740.0,0.008507851,-1.714332,0.0,14,2,22,0.0013735504365168794,119.26131020163392,117538.38,117545.302,-0.0006915880320031986,0.0085113838,0.0024076855228968757,-0.0003962248020085656,117740.0,117337.7,1.0,0,1,1001.71437674,-1.714332,0,1,0,0.0,0.0,-4.7971568,-15.186116499999999,0.0,0.06,0,20,1.508269544426723
BUY,117700.3,0.008496155,0.0,0.4,14,2,24,-0.00033718362493628806,133.6434077848558,117587.0,117540.98350000002,-0.0013747302344623291,0.008510214200000001,0.0020696900658282833,-0.0007332748264298103,117740.0,117337.7,0.9013174248073657,1,0,999.9999923465,-0.4,0,1,0,0.00040000000306140006,inf,-4.7971568,-15.186116499999999,0.0,0.06,0,21,0.39821110227449125
BUY,117700.3,0.008496155,0.0,0.4,14,2,24,0.0,139.62040960292347,117659.51999999999,117536.665,0.0,0.008509044599999998,0.003090225903524663,-0.0007332748264298103,117740.0,117337.7,0.9013174248073657,1,0,999.9999923465,-0.4,0,1,0,0.00040000000306140006,inf,-3.7797650000000003,-15.186116499999999,0.0,0.06,0,22,0.39821148775250936
SELL,117700.3,0.008496155,0.0,0.4,14,2,24,0.0,138.28649648836787,117683.88,117542.025,0.0,0.008507875,0.001035903672865387,0.0009116181136477998,117740.0,117337.7,0.9013174248073657,0,1,999.9999923465,-0.4,0,1,0,0.00040000000306140006,inf,-2.7470485,-13.3983967,0.0,0.06,0,23,0.39821187323060947
SELL,117700.3,0.008496155,0.0,0.4,14,2,24,0.0,137.4784108300838,117708.24000000002,117547.38500000001,0.0,0.0085061166,0.001035903672865387,0.0009116181136477998,117740.0,117337.7,0.9013174248073657,0,1,999.9999923465,-0.4,0,1,0,0.00040000000306140006,inf,-1.714332,-11.6106769,0.0,0.06,0,24,0.3982122587088653
BUY,117569.0,0.008496155,-1.1155452,0.0,14,2,31,-0.0011155451600378674,129.32875808028783,117674.04000000001,117546.18000000001,0.0,0.0085043582,-0.0014523526414132835,-0.00020494399756453244,117740.0,117337.7,0.57494407158837,1,0,998.884447195,-1.1155452,0,1,0,0.0,0.0,-1.1155452,-11.086967999999999,0.0,0.06,0,25,-0.31305689494450256
BUY,117569.0,0.008496155,-1.1155452,0.0,14,2,31,0.0,119.47292998803191,117647.78,117544.975,0.0,0.0085025998,-0.0011155451600378496,-0.00020494399756453244,117740.0,117337.7,0.57494407158837,1,0,998.884447195,-1.1155452,0,1,0,0.0,0.0,-2.2310904,-10.5632591,0.0,0.06,0,26,-0.2884746873734507
BUY,117718.9,0.008494813,0.0,0.4,14,2,39,0.0012749959598192806,71.50017016250123,117651.5,117553.995,-0.0001579538038088968,0.0085007072,0.0001580284842093968,0.0015348162516962032,117740.0,117569.0,0.8766081871344689,1,0,1000.0000420657,-0.4,0,1,0,0.0003999999831737207,inf,-2.2310904,-10.5632591,0.0,0.06,0,27,0.4645141611013011
SELL,117718.9,0.008494813,0.0,0.4,14,2,39,0.0,68.41621396474298,117655.22,117563.01499999998,0.0,0.0084988146,0.0001580284842093968,0.0015348162516962032,117740.0,117569.0,0.8766081871344689,0,1,1000.0000420657,-0.4,0,1,0,0.0003999999831737207,inf,-2.2310904,-10.5632591,0.0,0.04,0,28,0.522650312554616
SELL,117825.9,0.008496155,-1.0671171,0.0,14,2,42,0.0009089449527646121,76.12967664852044,117680.34,117577.38499999998,0.0001579787571543978,0.0084970562,0.0010671170761671063,0.0024451562679461978,117825.9,117569.0,1.0,0,1,1001.0671094145,-1.0671171,0,1,0,0.0,0.0,-3.2982074999999997,-11.630376199999999,0.0,0.04,0,29,1.339245299841452
SELL,117825.9,0.008496155,-1.0671171,0.0,14,2,42,0.0,86.0590598235967,117731.72,117591.755,0.0,0.0084958866,0.002185099813726358,0.0024451562679461978,117825.9,117569.0,1.0,0,1,1001.0671094145,-1.0671171,0,1,0,0.0,0.0,-3.2497793999999995,-12.6974933,0.0,0.04,0,30,1.3044256522969264
SELL,117839.9,0.008494813,-1.0278723,0.0,14,2,42,0.00011881937672453269,96.30649222348157,117785.9,117613.75,-0.0001579538038088968,0.008495752399999999,0.002304178822648778,0.003747018739352591,117839.9,117569.0,1.0,0,1,1001.0279144387,-1.0278723,0,1,0,0.0,0.0,-3.1621065,-12.547028300000001,0.0,0.04,0,31,1.244957278966005
BUY,117599.9,0.008494813,-1.0108827,0.0,14,2,42,-0.002036661606128365,103.208440653692,117762.1,117623.745,0.0,0.0084956182,-0.0010108827044765115,0.0017027257240203933,117839.9,117569.0,0.11406423034328107,1,0,998.9891593187,-1.0108827,0,1,0,0.0,0.0,-4.1729892,-12.3795737,0.0,0.04,0,32,-0.18018389480898583
BUY,117702.4,0.008496003,0.0,0.4,14,2,54,0.000871599380611654,103.19588116215394,117758.8,117638.86499999999,0.00014008548510724417,0.008495603000000001,-0.00014016440860388605,0.0025758091993185192,117839.9,117569.0,0.4924326319675048,1,0,999.9999435072,-0.4,0,1,0,0.0004000000225971213,inf,-4.1729892,-11.2012364,0.0,0.04,0,33,0.5350048588764591
SELL,117702.4,0.008496003,0.0,0.4,14,2,54,0.0,103.1828452578244,117734.1,117651.125,0.0,0.0084955878,-0.0010481566446765948,0.0020875689187210074,117839.9,117569.0,0.4924326319675048,0,1,999.9999435072,-0.4,0,1,0,0.0004000000225971213,inf,-3.1058721,-11.2012364,0.0,0.04,0,34,0.519034733225903
SELL,117702.4,0.008496003,0.0,0.4,14,2,54,0.0,91.26226188514761,117709.4,117663.38499999998,0.0,0.008495572600000001,-0.0010481566446765948,0.0020875689187210074,117839.9,117569.0,0.4924326319675048,0,1,999.9999435072,-0.4,0,1,0,0.0004000000225971213,inf,-2.038755,-11.2012364,0.0,0.04,0,35,0.5027931740226763
SELL,117702.4,0.008496003,0.0,0.4,14,2,54,0.0,74.93626921856526,117681.9,117675.64499999999,0.0,0.008495557400000001,-0.0011668373785110138,0.0020875689187210074,117839.9,117599.9,0.4270833333333333,0,1,999.9999435072,-0.4,0,1,0,0.0004000000225971213,inf,-1.0108827,-11.2012364,0.0,0.04,0,36,0.5027930930033946
BUY,117577.0,0.008496003,-1.0653988,0.0,15,2,5,-0.0010653988363873435,90.01114066821535,117677.31999999999,117687.61000000002,0.0,0.008495676399999999,-0.00019472805674149537,0.0020394127377646137,117839.9,117577.0,0.0,1,0,998.9345447310001,-1.0653988,0,1,0,0.0,0.0,-1.0653988,-11.2492434,0.0,0.04,0,37,-0.2331860863832697
BUY,117682.2,0.008497462,0.0,0.4,15,2,9,0.0008947328133903643,90.7926232928218,117673.27999999998,117692.795,0.00017172781130136983,0.0084959413,-0.0001716192702952284,0.0008819639645002878,117839.9,117577.0,0.4001521491061218,1,0,1000.0000225764,-0.4,0,1,0,0.0003999999909694402,inf,-1.0653988,-10.2165269,0.0,0.02,0,38,0.5159316686566506
BUY,117682.2,0.008497462,0.0,0.4,15,2,9,0.0,82.4625578331676,117669.23999999999,117697.98000000001,0.0,0.008496072,-0.0001716192702952284,0.0008819639645002878,117839.9,117577.0,0.4001521491061218,1,0,1000.0000225764,-0.4,0,1,0,0.0003999999909694402,inf,-1.0653988,-9.183810399999999,0.0,0.02,0,39,0.48682568530736664
BUY,117682.2,0.008497462,0.0,0.4,15,2,9,0.0,69.98545880670459,117665.2,117695.09,0.0,0.0084962027,-0.0001716192702952284,-0.0004909121793783158,117839.9,117577.0,0.4001521491061218,1,0,1000.0000225764,-0.4,0,1,0,0.0003999999909694402,inf,-1.0653988,-7.4694784,0.0,0.02,0,40,0.45755123866528763
BUY,117401.4,0.008497462,-2.3860874,0.0,15,2,14,-0.0023860872757307527,96.20897682727903,117605.0,117680.14499999999,0.0,0.008496467600000002,-0.002557297047468871,-0.0025395007489361432,117702.4,117401.4,0.0,1,0,997.6139352468,-2.3860874,0,1,0,0.0,0.0,-3.4514862,-9.8555658,0.0,0.02,0,41,-1.2459261876034105
BUY,117401.4,0.008497462,-2.3860874,0.0,15,2,14,0.0,122.95296300226185,117569.88,117665.2,0.0,0.008496732500000001,-0.0014934893729216243,-0.0025395007489361432,117702.4,117401.4,0.0,1,0,997.6139352468,-2.3860874,0,1,0,0.0,0.0,-4.7721748,-12.2416532,0.0,0.02,0,42,-1.20866458643812
BUY,117401.4,0.008497462,-2.3860874,0.0,15,2,14,0.0,137.50158786931468,117513.72,117650.255,0.0,0.008496878400000001,-0.002386087275730764,-0.0025395007489361432,117702.4,117401.4,0.0,1,0,997.6139352468,-2.3860874,0,1,0,0.0,0.0,-7.1582622,-14.6277406,0.0,0.02,0,43,-1.1610533686577162
BUY,117446.6,0.008514508,0.0,0.4,15,2,24,0.0003850039266994898,138.77928759932163,117466.6,117637.56999999999,0.0020060107359114454,0.0084987289,-0.002002002002001928,-0.0021554745399968997,117702.4,117401.4,0.1501661129568493,1,0,1000.0000152728,-0.4,0,1,0,0.0003999999938908801,inf,-7.1582622,-14.6277406,0.0,0.02,0,44,0.5099791821934205
SELL,117796.24,0.008514508,2.9770126,0.40119082,15,2,39,0.002977012531652612,151.47488733531029,117489.40800000001,117648.93199999999,0.0,0.0085005794,0.0009690505446023965,0.0019328224276808107,117796.24,117401.4,1.0,0,1,1002.9770278499201,2.57582178,1,0,0,0.0004000000088337337,0.13476288948189202,-4.1812496,-10.535182800000001,0.1,0.04,1,0,2.4014584711176683
BUY,117738.2,0.00849342,0.0,0.4,15,2,39,-0.0004927152173958005,155.1386917278336,117556.768,117657.39199999999,-0.0024767138629737673,0.0085003211,0.00286879032106945,0.0014391548792623658,117796.24,117401.4,0.853003748353747,1,0,999.9999826439999,-0.4,0,1,0,0.0004000000069424002,inf,-1.7951622,-9.419637600000001,0.1,0.04,0,1,0.40808836659082526
BUY,117738.2,0.00849342,0.0,0.4,15,2,39,0.0,162.87241681732738,117624.128,117658.357,0.0,0.0085000628,0.00286879032106945,0.0001639498840033581,117796.24,117401.4,0.853003748353747,1,0,999.9999826439999,-0.4,0,1,0,0.0004000000069424002,inf,0.5909252,-9.419637600000001,0.1,0.04,0,2,0.3746300743650445
BUY,117738.2,0.00849342,0.0,0.4,15,2,39,0.0,167.03664582602187,117691.48799999998,117659.322,0.0,0.0084996586,0.00286879032106945,0.0001639498840033581,117796.24,117401.4,0.853003748353747,1,0,999.9999826439999,-0.4,0,1,0,0.0004000000069424002,inf,2.9770126,-9.419637600000001,0.1,0.04,0,3,0.37463091146487726
BUY,117610.9,0.00849342,-1.0812124,0.0,15,2,40,-0.0010812123847655508,164.7678841546668,117724.348,117648.572,0.0,0.0084992544,0.001398933643034267,-0.001824726142554396,117796.24,117401.4,0.5305946712592294,1,0,998.9187702779999,-1.0812124,0,1,0,0.0,0.0,1.8958002,-9.433732899999999,0.1,0.04,0,4,-0.40209551857659354
BUY,117610.9,0.00849342,-1.0812124,0.0,15,2,40,0.0,162.1193984688902,117687.27999999998,117637.82199999997,0.0,0.008498850200000001,-0.0015733948723661388,-0.001824726142554396,117796.24,117401.4,0.5305946712592294,1,0,998.9187702779999,-1.0812124,0,1,0,0.0,0.0,-2.1624248,-9.4478282,0.1,0.02,0,5,-0.43200599267045714
BUY,117610.9,0.00849342,-1.0812124,0.0,15,2,40,0.0,148.21755153200596,117661.81999999999,117626.372,0.0,0.008498446000000002,-0.001081212384765547,-0.0019433146158474338,117796.24,117401.4,0.5305946712592294,1,0,998.9187702779999,-1.0812124,0,1,0,0.0,0.0,-3.2436372,-9.5011683,0.1,0.02,0,6,-0.4636297239960642
BUY,117445.3,0.008514602,0.0,0.4,15,2,54,-0.0014080327588683605,141.8909514926056,117603.23999999999,117618.64199999999,0.0024939305956845903,0.00850016,-0.0024877227611768667,-0.0013146269682201368,117796.24,117401.4,0.11118427717558378,1,0,999.9999862706,-0.4,0,1,0,0.0004000000054917601,inf,-3.2436372,-8.4902856,0.1,0.02,0,7,0.3330800803083433
BUY,117445.3,0.008514602,0.0,0.4,15,2,54,0.0,135.11037991184153,117544.66,117605.78700000001,0.0,0.008501874,-0.0024877227611768667,-0.0021843224946984196,117796.24,117445.3,0.0,1,0,999.9999862706,-0.4,0,1,0,0.0004000000054917601,inf,-3.2436372,-8.4902856,0.1,0.02,0,8,0.3084292026983742
BUY,117445.3,0.008514602,0.0,0.4,15,2,54,0.0,135.2942005159699,117511.54,117592.932,0.0,0.008501883399999998,-0.001408032758868364,-0.0021843224946984196,117796.24,117445.3,0.0,1,0,999.9999862706,-0.4,0,1,0,0.0004000000054917601,inf,-2.1624248,-8.4902856,0.1,0.02,0,9,0.2834980976317806
SELL,117739.02,0.008514602,2.5009089,0.40100035,15,2,59,0.0025009089337759693,127.9249812973233,117537.16400000002,117594.763,0.0,0.008501892799999999,0.0010893548132019219,0.0003111236474363301,117739.02,117445.3,1.0,0,1,1002.5008951700399,2.0999085500000003,1,0,0,0.00039999999195211095,0.16034184611842517,1.4196965000000001,-5.989376700000001,0.1,0.04,1,0,2.295713091249151
SELL,117739.02,0.008514602,0.0,0.40100035,15,2,59,0.0,128.01493690594054,117562.78799999999,117596.594,0.0,0.008504011,0.0010893548132019219,0.0003111236474363301,117739.02,117445.3,1.0,0,1,1002.5008951700399,-0.40100035,0,1,0,0.00039999999195211095,inf,2.5009089,-5.989376700000001,0.1,0.04,0,1,2.341752638781963
SELL,117739.02,0.008514602,0.0,0.40100035,15,2,59,0.0,128.1047710271602,117621.532,117604.69499999999,0.0,0.0085061292,0.002500908933775989,0.0013779905933984033,117739.02,117445.3,1.0,0,1,1002.5008951700399,-0.40100035,0,1,0,0.00039999999195211095,inf,2.5009089,-4.923977900000001,0.1,0.04,0,2,2.180028484675223
SELL,117822.0,0.008496003,-1.016122,0.0,16,2,9,0.0007047790953245148,139.48481145483376,117696.872,117611.68500000001,-0.0021843651646898943,0.0085063875,0.003207450617436348,0.0011879451607804997,117822.0,117445.3,1.0,0,1,1001.016065466,-1.016122,0,1,0,0.0,0.0,1.4847869000000002,-5.9400999,0.1,0.04,0,3,0.8798496687772661
SELL,117822.0,0.008496003,-1.016122,0.0,16,2,9,0.0,153.13232383913945,117772.21200000001,117618.675,0.0,0.0085066458,0.003207450617436348,0.0011879451607804997,117822.0,117445.3,1.0,0,1,1001.016065466,-1.016122,0,1,0,0.0,0.0,0.4686649000000003,-6.9562219,0.1,0.04,0,4,0.8559312241868491
SELL,117822.0,0.008496003,-1.016122,0.0,16,2,9,0.0,162.6428941780243,117788.808,117625.66500000001,0.0,0.0085069041,0.000704779095324523,0.0011879451607804997,117822.0,117445.3,1.0,0,1,1001.016065466,-1.016122,0,1,0,0.0,0.0,-3.0483659999999997,-7.9723439,0.1,0.04,0,5,0.832671391178322
BUY,117816.2,0.008487797,0.0,0.4,16,2,9,-4.9226799748836036e-05,168.20000285357833,117804.24399999999,117646.40499999998,-0.0009658659489645283,0.008506341800000001,0.0006555176015563321,0.003533177628205481,117822.0,117445.3,0.9846031324661456,1,0,999.9999889114,-0.4,0,1,0,0.00040000000443544004,inf,-3.0483659999999997,-5.5862565,0.1,0.04,0,6,-0.0405008475617729
SELL,117816.2,0.008487797,0.0,0.4,16,2,9,0.0,149.71182274979736,117819.67999999998,117667.14499999999,0.0,0.0085036613,0.0006555176015563321,0.003533177628205481,117822.0,117445.3,0.9846031324661456,0,1,999.9999889114,-0.4,0,1,0,0.00040000000443544004,inf,-3.0483659999999997,-3.2001691,0.1,0.04,0,7,-0.061187271780930766
BUY,117684.3,0.008487797,-1.1195405,0.0,16,2,10,-0.0011195404367141393,116.20637811892767,117792.13999999998,117681.29,0.0,0.0085009808,-0.0011687121250699962,0.0024096816562665245,117822.0,117445.3,0.6344571276878201,1,0,998.8804484871,-1.1195405,0,1,0,0.0,0.0,-3.1517844999999998,-1.9336221999999998,0.1,0.04,0,8,-1.0240789790442986
SELL,117862.8,0.008514602,-1.0539374,0.0,16,2,21,0.001516769866498846,56.34606940821587,117800.3,117702.1,0.003158063276018419,0.0085009808,0.0003462850740948457,0.003543738175477171,117862.8,117684.3,1.0,0,1,1003.5548326055999,-1.0539374,0,1,0,0.0,0.0,-3.1895999,-2.9875596,0.1,0.04,0,9,2.6993081021441805
SELL,117862.8,0.008514602,-1.0539374,0.0,16,2,21,0.0,58.37570959819761,117808.45999999999,117705.428,0.0,0.008500980799999999,0.0003462850740948457,0.000565043502237403,117862.8,117684.3,1.0,0,1,1003.5548326055999,-1.0539374,0,1,0,0.0,0.0,-3.2274152999999997,-7.0185096,0.0,0.04,0,10,2.469809277947083
SELL,117961.8,0.008487797,-1.2358233,0.0,16,2,21,0.0008399596819352873,73.6174292164191,117837.58,117716.60800000001,-0.003148121309721752,0.0084983003,0.0012358232569035991,0.001899128744961328,117961.8,117684.3,1.0,0,1,1001.2358121546,-1.2358233,0,1,0,0.0,0.0,-4.4632385999999995,-8.2543329,0.0,0.04,0,11,0.7328513937296437
BUY,117822.1,0.008487372,0.0,0.4,16,2,24,-0.0011842816911915577,67.80742011177942,117838.76000000001,117720.80299999999,-5.007188555528064e-05,0.0084955773,5.0078002855369055e-05,0.0007125979503679241,117961.8,117684.3,0.49657657657658705,1,0,999.9999925212,-0.4,0,1,0,0.00040000000299152003,inf,-4.4632385999999995,-8.2543329,0.0,0.04,0,12,-0.19267264232559703
BUY,117822.1,0.008487372,0.0,0.4,16,2,24,0.0,67.80624438627237,117866.32000000002,117724.99799999999,0.0,0.0084947142,0.0011709293423167143,0.0007125979503679241,117961.8,117684.3,0.49657657657658705,1,0,999.9999925212,-0.4,0,1,0,0.00040000000299152003,inf,-3.3436981,-8.2543329,0.0,0.04,0,13,-0.17790321835506628
BUY,117822.1,0.008487372,0.0,0.4,16,2,24,0.0,67.80506700169401,117858.18000000001,117735.558,0.0,0.0084938511,-0.00034531675812891845,0.0017957519243540492,117961.8,117684.3,0.49657657657658705,1,0,999.9999925212,-0.4,0,1,0,0.00040000000299152003,inf,-2.2897607000000004,-7.1731205,0.0,0.04,0,14,-0.16308278203095752
SELL,117822.1,0.008487372,0.0,0.4,16,2,24,0.0,67.80388795795795,117850.04,117746.11799999999,0.0,0.008492988,-0.00034531675812891845,0.0017957519243540492,117961.8,117684.3,0.49657657657658705,0,1,999.9999925212,-0.4,0,1,0,0.00040000000299152003,inf,-1.2358233,-6.0919080999999995,0.0,0.04,0,15,-0.13927574861195124
BUY,117703.6,0.008487372,-1.0057536,0.0,16,2,29,-0.0010057535895218184,78.68788485027969,117798.4,117750.753,0.0,0.008492945499999998,-0.0021888441851514394,0.0007881922508884095,117961.8,117684.3,0.06954954954956004,1,0,998.9942389392,-1.0057536,0,1,0,0.0,0.0,-1.0057536,-6.0164493,0.0,0.04,0,16,-0.877834952281409
BUY,117703.6,0.008487372,-1.0057536,0.0,16,2,29,0.0,86.62822288367909,117774.7,117763.66800000002,0.0,0.008492903,-0.0010057535895218299,0.0021993217267953923,117961.8,117684.3,0.06954954954956004,1,0,998.9942389392,-1.0057536,0,1,0,0.0,0.0,-2.0115072,-7.0222029,0.0,0.04,0,17,-0.8562634256339162
BUY,117703.6,0.008487372,-1.0057536,0.0,16,2,29,0.0,83.7652035950397,117751.0,117776.58300000001,0.0,0.0084928605,-0.0010057535895218299,0.0021993217267953923,117961.8,117703.6,0.0,1,0,998.9942389392,-1.0057536,0,1,0,0.0,0.0,-3.0172608,-8.0279565,0.0,0.04,0,18,-0.8352482207543825
SELL,117947.4,0.008487372,-1.0634677,0.0,16,2,34,0.0020713045310423173,93.54227564754365,117776.06000000001,117801.688,0.0,0.0084901375,0.0010634677195533635,0.004275181722895606,117961.8,117703.6,0.9442292796281607,0,1,1001.0634602327999,-1.0634677,0,1,0,0.0,0.0,-4.0807285,-9.091424199999999,0.0,0.04,0,19,0.6759416713946513
BUY,117955.3,0.0084777875,0.0,0.4,16,2,39,6.69790092873157e-05,102.68768237282359,117802.7,117812.50200000001,-0.0011292659258955728,0.00848645605,0.001130517958854893,0.0018369441158929201,117961.8,117703.6,0.9748257164988379,1,0,999.99996789875,-0.4,0,1,0,0.00040000001284050044,inf,-4.0807285,-11.592333100000001,0.0,0.04,0,20,-0.12430144647923101
SELL,117955.3,0.0084777875,0.0,0.4,16,2,39,0.0,101.75148156164956,117853.04000000001,117823.31599999999,0.0,0.0084854551,0.002138422274254968,0.0018369441158929201,117955.3,117703.6,1.0,0,1,999.99996789875,-0.4,0,1,0,0.00040000001284050044,inf,-3.0749749,-11.592333100000001,0.0,0.04,0,21,-0.14218864724962774
SELL,117955.3,0.0084777875,0.0,0.4,16,2,39,0.0,109.63774897358893,117903.38,117834.13,0.0,0.008484496650000001,0.002138422274254968,0.0018369441158929201,117955.3,117703.6,1.0,0,1,999.99996789875,-0.4,0,1,0,0.00040000001284050044,inf,-2.0692212999999997,-11.592333100000001,0.0,0.04,0,22,-0.142187512524351
SELL,117955.3,0.0084777875,0.0,0.4,16,2,39,0.0,115.29629655804463,117953.72000000002,117840.795,0.0,0.0084835382,0.002138422274254968,0.0011313676562951138,117955.3,117703.6,1.0,0,1,999.99996789875,-0.4,0,1,0,0.00040000001284050044,inf,-1.0634677,-10.576211099999998,0.0,0.04,0,23,-0.1421863777995381
SELL,118078.1,0.0084777875,-1.0410722,0.0,16,2,40,0.0010410723384197684,134.6305248531404,117979.86000000002,117853.6,0.0,0.00848257975,0.0011081210777008365,0.0021736178302864135,118078.1,117703.6,1.0,0,1,1001.0410402037501,-1.0410722,0,1,0,0.0,0.0,-1.0410722,-10.6011613,0.0,0.04,0,24,0.6386746139093561
SELL,118078.1,0.0084777875,-1.0410722,0.0,16,2,40,0.0,146.632755170554,118004.42000000001,117866.405,0.0,0.0084816213,0.001041072338419748,0.0021736178302864135,118078.1,117703.6,1.0,0,1,1001.0410402037501,-1.0410722,0,1,0,0.0,0.0,-2.0821444,-10.6261115,0.0,0.04,0,25,0.639230907466642
SELL,118078.1,0.0084777875,-1.0410722,0.0,16,2,40,0.0,137.42297600243256,118028.98000000001,117879.50000000003,0.0,0.00848066285,0.001041072338419748,0.0022229540589495224,118078.1,117703.6,1.0,0,1,1001.0410402037501,-1.0410722,0,1,0,0.0,0.0,-3.1232165999999997,-11.6671837,0.0,0.04,0,26,0.6389526474553034
SELL,118296.0,0.0084777875,2.8883822,0.40115535,16,2,50,0.0018453887723464124,150.74860788024026,118097.12,117903.49000000002,0.0,0.0084797044,0.0028883822939706574,0.004072445045757739,118296.0,117703.6,1.0,0,1,1002.8883501,2.48722685,1,0,0,0.0004000000099313149,0.13888582681336287,-0.23483439999999955,-8.7788015,0.1,0.06,1,0,1.9059350434345168
BUY,118577.8,0.008433281,0.0,0.4,16,2,54,0.002382160005410139,203.76088955242696,118221.62,117948.16500000001,-0.005249777727974414,0.0084742953,0.005277422888161872,0.007592346642670262,118577.8,117947.4,1.0,1,0,999.9999077618002,-0.4,0,1,0,0.00040000003689528334,inf,-0.23483439999999955,-7.659260999999999,0.1,0.06,0,1,-0.19409677928760283
BUY,118577.8,0.008433281,0.0,0.4,16,2,54,0.0,248.21089352962605,118321.56000000001,117983.915,0.0,0.008468886200000001,0.0042319447890844875,0.006066375480643596,118577.8,117955.3,1.0,1,0,999.9999077618002,-0.4,0,1,0,0.00040000003689528334,inf,0.8062378000000003,-6.605323599999999,0.1,0.06,0,2,-0.1940962395364419
SELL,118577.8,0.008433281,0.0,0.4,16,2,54,0.0,270.7906128360656,118421.5,118019.66500000001,0.0,0.00846443555,0.0042319447890844875,0.006066375480643596,118577.8,117955.3,1.0,0,1,999.9999077618002,-0.4,0,1,0,0.00040000003689528334,inf,1.8473100000000002,-5.5513862,0.1,0.06,0,3,-0.19409569978528235
SELL,118577.8,0.008433281,0.0,0.4,16,2,54,0.0,276.4691923768165,118521.44000000002,118050.465,0.0,0.0084599849,0.0042319447890844875,0.0052220295044667,118577.8,117955.3,1.0,0,1,999.9999077618002,-0.4,0,1,0,0.00040000003689528334,inf,2.8883822,-4.3155629,0.1,0.06,0,4,-0.1940951600343721
SELL,118700.0,0.008433281,-1.0305469,0.0,17,2,0,0.0010305470332556688,280.98304733394974,118602.24000000002,118094.36000000002,0.0,0.00845553425,0.003415161966592277,0.007451063934524967,118700.0,117955.3,1.0,0,1,1001.0304547000001,-1.0305469,0,1,0,0.0,0.0,-1.0305469,-5.3461098,0.1,0.06,0,5,0.5283438896359021
SELL,118700.0,0.008433281,-1.0305469,0.0,17,2,0,0.0,262.9520372408261,118626.68000000001,118138.255,0.0,0.008451083600000001,0.0010305470332557787,0.007451063934524967,118700.0,118078.1,1.0,0,1,1001.0304547000001,-1.0305469,0,1,0,0.0,0.0,-2.0610938,-6.3766567,0.1,0.06,0,6,0.5121249400945169
BUY,118458.6,0.008433281,-1.0052471,0.0,17,2,6,-0.0020336983993259894,233.1552034356412,118602.84,118170.08,0.0,0.008446632950000001,-0.0010052471879221667,0.005402212318402065,118700.0,118078.1,0.611834700112564,1,0,998.9946606666001,-1.0052471,0,1,0,0.0,0.0,-3.0663409,-7.3819038,0.1,0.06,0,7,-0.9518158775828619
BUY,118458.6,0.008433281,-1.0052471,0.0,17,2,6,0.0,190.68713905305876,118579.0,118201.905,0.0,0.0084421823,-0.0010052471879221667,0.005402212318402065,118700.0,118078.1,0.611834700112564,1,0,998.9946606666001,-1.0052471,0,1,0,0.0,0.0,-4.071588,-8.3871509,0.1,0.06,0,8,-0.9292774307348085
BUY,118329.3,0.008450992,0.0,0.4,17,2,9,-0.001091520581874228,138.22582207799925,118529.3,118233.18999999999,0.002100131609512168,0.00843950275,-0.002095670521800877,0.005315895180776094,118700.0,118296.0,0.08242574257426463,1,0,999.9999676655999,-0.4,0,1,0,0.00040000001293376047,inf,-4.071588,-7.3813973,0.1,0.06,0,9,-0.25156525141171143
BUY,118329.3,0.008450992,0.0,0.4,17,2,9,0.0,132.3628682415874,118455.16,118264.47500000002,0.0,0.0084368232,-0.0031229991575399923,0.005315895180776094,118700.0,118329.3,0.0,1,0,999.9999676655999,-0.4,0,1,0,0.00040000001293376047,inf,-3.0410411,-6.3756436999999995,0.0,0.06,0,10,-0.30013237507940016
SELL,118329.3,0.008450992,0.0,0.4,17,2,9,0.0,144.85766385669697,118381.01999999999,118295.76000000001,0.0,0.008438594300000001,-0.0031229991575399923,0.005315895180776094,118700.0,118329.3,0.0,0,1,999.9999676655999,-0.4,0,1,0,0.00040000001293376047,inf,-2.0104942,-5.369890099999999,0.0,0.06,0,11,-0.35462353450892387
SELL,118329.3,0.008450992,0.0,0.4,17,2,9,0.0,151.9055115678084,118355.16,118314.85499999998,0.0,0.0084403654,-0.0010915205818741983,0.003237884005921358,118700.0,118329.3,0.0,0,1,999.9999676655999,-0.4,0,1,0,0.00040000001293376047,inf,-1.0052471,-4.3064224,0.0,0.06,0,12,-0.35462265338438004
BUY,118207.1,0.008450992,-1.0327113,0.0,17,2,22,-0.0010327112557920737,169.34641714609694,118304.86000000002,118327.44499999999,0.0,0.008442136499999999,-0.002123104612075442,0.0021347069610267865,118700.0,118207.1,0.0,1,0,998.9672564432,-1.0327113,0,1,0,0.0,0.0,-1.0327113,-5.3391337,0.0,0.04,0,13,-1.1739384039004845
BUY,118207.1,0.008450992,-1.0327113,0.0,17,2,22,0.0,176.71273110203646,118280.42,118340.035,0.0,0.0084439076,-0.0010327112557920741,0.0021347069610267865,118700.0,118207.1,0.0,1,0,998.9672564432,-1.0327113,0,1,0,0.0,0.0,-2.0654226,-6.371845,0.0,0.04,0,14,-1.1416869855147536
BUY,118210.0,0.008459521,0.0,0.4,17,2,24,2.453321331796765e-05,151.98658712813506,118256.56000000001,118352.76999999999,0.0010092306323328248,0.0084465316,-0.0010082033781996758,0.002159292545565965,118700.0,118207.1,0.005883546358275945,1,0,999.9999774099999,-0.4,0,1,0,0.00040000000903600027,inf,-2.0654226,-6.371845,0.0,0.04,0,15,-0.2774362875137552
BUY,118210.0,0.008459521,0.0,0.4,17,2,24,0.0,98.16771589794938,118232.7,118365.505,0.0,0.0084491556,-0.0010082033781996758,0.002159292545565965,118458.6,118207.1,0.011530815109320792,1,0,999.9999774099999,-0.4,0,1,0,0.00040000000903600027,inf,-2.0654226,-6.371845,0.0,0.04,0,16,-0.2774361930300145
BUY,118075.5,0.008459521,-1.1378056,0.0,17,2,27,-0.0011378056002030457,106.74890840007708,118181.93999999999,118365.375,0.0,0.008451779599999999,-0.002144861838952845,-2.2019324497987522e-05,118458.6,118075.5,0.0,1,0,998.8621718354999,-1.1378056,0,1,0,0.0,0.0,-3.2032282000000003,-6.4685784,0.0,0.04,0,17,-1.2272520995306224
BUY,118075.5,0.008459521,-1.1378056,0.0,17,2,27,0.0,99.46004446306902,118155.62,118365.245,0.0,0.008454403599999999,-0.0011133003009126002,-2.2019324497987522e-05,118329.3,118075.5,0.0,1,0,998.8621718354999,-1.1378056,0,1,0,0.0,0.0,-3.3083225,-6.5653118,0.0,0.04,0,18,-1.2248838502928217
BUY,118075.5,0.008469158,0.0,0.4,17,2,39,0.0,103.66658306603728,118129.3,118365.11499999999,0.0011391897957342412,0.0084562202,-0.0011133003009126002,-2.2019324497987522e-05,118329.3,118075.5,0.0,1,0,1000.000065429,-0.4,0,1,0,0.00039999997382840176,inf,-2.2756112,-5.5242396,0.0,0.04,0,19,-0.29693453171895595
BUY,118075.5,0.008469158,0.0,0.4,17,2,39,0.0,100.84536897933943,118102.4,118354.09,0.0,0.008458036799999999,-0.0011378056002030285,-0.0018639683505782107,118329.3,118075.5,0.0,1,0,1000.000065429,-0.4,0,1,0,0.00039999997382840176,inf,-2.2756112,-8.4126218,0.0,0.04,0,20,-0.29693599240661456
BUY,117952.1,0.008469158,-1.0450941,0.0,17,2,50,-0.0010450940288204702,108.80959108108486,118050.82000000002,118322.80500000001,0.0,0.008459853399999998,-0.0021817105151847914,-0.005276704408413692,118329.3,117952.1,0.0,1,0,998.9549713317999,-1.0450941,0,1,0,0.0,0.0,-3.3207053,-9.4577159,0.0,0.04,0,21,-1.1488355867028304
BUY,117952.1,0.008469158,-1.0450941,0.0,17,2,50,0.0,101.72262066848457,118026.14000000001,118291.52000000002,0.0,0.008461670000000001,-0.0010450940288204934,-0.005276704408413692,118210.0,117952.1,0.0,1,0,998.9549713317999,-1.0450941,0,1,0,0.0,0.0,-3.2279938,-10.50281,0.0,0.04,0,22,-1.1174508030454071
BUY,117958.82,0.008450992,3.1309235,0.39874762,17,2,50,5.6972279425249184e-05,104.0462573201076,118002.804,118260.571,-0.002144959392657464,0.00846167,-0.000988181290784227,-0.005220032754866391,118210.0,117952.1,0.026056611089574702,1,0,996.86904414944,2.7321758800000002,1,0,0,0.0004000000023475742,0.1273578290878075,1.0407353000000001,-7.3718865000000005,0.1,0.04,1,0,-2.6314386765689757
BUY,117958.82,0.008450992,0.0,0.39874762,17,2,50,0.0,99.66901348453078,117979.46800000002,118229.622,0.0,0.00846167,-0.000988181290784227,-0.005220032754866391,118210.0,117952.1,0.026056611089574702,1,0,996.86904414944,-0.39874762,0,1,0,0.0004000000023475742,inf,1.0407353000000001,-7.3718865000000005,0.1,0.04,0,1,-2.4630529625597495
BUY,117833.4,0.008450992,-1.0599234,0.0,17,2,51,-0.0010632524130032017,105.3249168793099,117931.048,118186.29200000002,0.0,0.008460817099999999,-0.002050383017645539,-0.007300758213984885,118210.0,117833.4,0.0,1,0,995.8091207327999,-1.0599234,0,1,0,0.0,0.0,-0.01918809999999982,-7.401263,0.1,0.04,0,2,-2.9737763248583735
BUY,117961.6,0.008477335,0.0,0.4,17,2,54,0.0010879767536200458,81.20812099553137,117932.948,118149.372,0.0031171488506913647,0.008462598499999998,8.05411688303981e-05,-0.006220724515585461,118075.5,117833.4,0.5295332507228772,1,0,1000.0000003360001,-0.4,0,1,0,0.0003999999998656,inf,1.0259060000000002,-6.3707161,0.1,0.04,0,3,0.050849262971033926
BUY,117961.6,0.008477335,0.0,0.4,17,2,54,0.0,75.99780292188899,117934.848,118124.522,0.0,0.0084643799,8.05411688303981e-05,-0.004195558617103359,118075.5,117833.4,0.5295332507228772,1,0,1000.0000003360001,-0.4,0,1,0,0.0003999999998656,inf,2.0710001,-5.365469,0.1,0.04,0,4,0.06595432173639716
SELL,117961.6,0.008477335,0.0,0.4,17,2,54,0.0,68.32480974527617,117935.40400000001,118099.67199999999,0.0,0.0084661613,2.356754670823967e-05,-0.004195558617103359,118075.5,117833.4,0.5295332507228772,0,1,1000.0000003360001,-0.4,0,1,0,0.0003999999998656,inf,-1.0599233999999997,-4.3602219,0.1,0.04,0,5,0.08127675489050051
SELL,117961.6,0.008477335,0.0,0.4,17,2,54,0.0,57.20663990260732,117935.96,118081.28700000001,0.0,0.008466979,2.356754670823967e-05,-0.003107429858876855,118075.5,117833.4,0.5295332507228772,0,1,1000.0000003360001,-0.4,0,1,0,0.0003999999998656,inf,-1.0599233999999997,-4.3602219,0.1,0.04,0,6,0.08127658647984295
BUY,117832.2,0.008477335,-1.0969671,0.0,18,2,2,-0.0010969671486315002,53.13936628280887,117935.72,118056.43199999999,0.0,0.0084677967,-1.0183869768648699e-05,-0.004200988259036484,117961.6,117832.2,0.0,1,0,998.9030331870001,-1.0969671,0,1,0,0.0,0.0,-1.0969670999999999,-5.4571890000000005,0.1,0.04,0,7,-0.702186291040781
BUY,117832.2,0.008477335,-1.0969671,0.0,18,2,2,0.0,61.34097999471797,117909.84000000001,118031.577,0.0,0.008468614400000001,-0.001096967148631493,-0.004200988259036484,117961.6,117832.2,0.0,1,0,998.9030331870001,-1.0969671,0,1,0,0.0,0.0,-2.1939342,-6.5541561,0.1,0.04,0,8,-0.7026829572407034
BUY,117645.0,0.008500149,0.0,0.4,18,2,9,-0.0015886998630255666,105.34819844492316,117846.51999999999,117997.36200000001,0.002691175941495594,0.0084717135,-0.0026839242600982505,-0.005783014012590313,117961.6,117645.0,0.0,1,0,1000.0000291050001,-0.4,0,1,0,0.0003999999883580003,inf,-2.1939342,-6.5541561,0.1,0.04,0,9,0.16090149264687006
BUY,117645.0,0.008500149,0.0,0.4,18,2,9,0.0,127.25914084620283,117783.2,117969.25700000001,0.0,0.0084766292,-0.0026839242600982505,-0.004755213519323338,117961.6,117645.0,0.0,1,0,1000.0000291050001,-0.4,0,1,0,0.0003999999883580003,inf,-2.1939342,-5.5214448,0.0,0.04,0,10,0.2401183513816829
BUY,117645.0,0.008500149,0.0,0.4,18,2,9,0.0,138.21368962593516,117719.88,117941.152,0.0,0.0084815449,-0.0026839242600982505,-0.004755213519323338,117961.6,117645.0,0.0,1,0,1000.0000291050001,-0.4,0,1,0,0.0003999999883580003,inf,-2.1939342,-4.4887335,0.0,0.04,0,11,0.2664069053348572
BUY,117650.01,0.008477335,2.6414528,0.39894342,18,2,10,4.258574525040082e-05,149.14048727069962,117683.442,117913.15250000001,-0.002683952951883506,0.0084841792,-0.001546181773742681,-0.00473724727180446,117961.6,117645.0,0.01582438408084229,1,0,997.35854752335,2.24250938,1,0,0,0.0004000000009932837,0.15103181855076114,1.5444857000000005,-1.8472807000000007,0.1,0.06,1,0,-1.9553595094971519
BUY,117650.01,0.008477335,0.0,0.39894342,18,2,10,0.0,146.37480785070548,117647.004,117885.153,0.0,0.0084841792,-0.001546181773742681,-0.00473724727180446,117961.6,117645.0,0.01582438408084229,1,0,997.35854752335,-0.39894342,0,1,0,0.0004000000009932837,inf,2.6414528000000006,-1.8472807000000002,0.1,0.06,0,1,-1.8431624814857663
SELL,117992.95,0.008500149,2.9576268,0.40118307,18,2,17,0.0029149168793101143,150.99671085821055,117716.594,117881.02550000002,0.002691175941495594,0.0084864606,0.0029576267584682484,-0.0006991289471567168,117992.95,117645.0,1.0,0,1,1002.95765594955,2.55644373,1,0,0,0.00040000000759770856,0.13564357409798963,5.5990796000000005,2.2481516999999998,0.2,0.08,1,0,2.5366716977329107
SELL,117992.95,0.008500149,0.0,0.40118307,18,2,17,0.0,155.41103083972342,117786.18400000001,117876.898,0.0,0.008488742,0.0029576267584682484,-0.0006991289471567168,117992.95,117645.0,1.0,0,1,1002.95765594955,-0.40118307,0,1,0,0.00040000000759770856,inf,5.5990796000000005,3.3859573,0.2,0.08,0,1,2.3458813914915693
SELL,117992.95,0.008500149,0.0,0.40118307,18,2,17,0.0,159.63498934548448,117855.774,117872.77050000001,0.0,0.0084910234,0.0029576267584682484,-0.0006991289471567168,117992.95,117645.0,1.0,0,1,1002.95765594955,-0.40118307,0,1,0,0.00040000000759770856,inf,5.5990796000000005,3.3859573,0.2,0.08,0,2,2.178656761547281
SELL,117992.95,0.008477335,0.0,0.4001063,18,2,17,0.0,172.19897862648648,117924.36200000001,117868.643,-0.002683952951883506,0.0084910234,0.0029149168793101026,-0.0006991289471567168,117992.95,117645.0,1.0,0,1,1000.2657647882501,-0.4001063,0,1,0,0.00039999999408627164,inf,2.9576268000000003,3.3859573,0.2,0.08,0,3,0.30891801273097275
BUY,117880.8,0.008483145,0.0,0.4,18,2,24,-0.0009504805159968877,173.7650788852781,117970.51999999999,117865.07800000001,0.0006853568957694289,0.0084916044,0.0019616657916136865,-0.0006044826671165915,117992.95,117645.0,0.6776835752263397,1,0,999.9999191159999,-0.4,0,1,0,0.00040000003235360267,inf,2.9576268000000003,4.431051399999999,0.2,0.08,0,4,0.11202182875742211
BUY,117880.8,0.008483145,0.0,0.4,18,2,24,0.0,164.84337366122813,117948.09,117861.51299999999,0.0,0.008489904,-0.000950480515996881,-0.0006044826671165915,117992.95,117645.0,0.6776835752263397,1,0,999.9999191159999,-0.4,0,1,0,0.00040000003235360267,inf,0.0,5.4761454999999994,0.2,0.08,0,5,0.12768061683458623
BUY,117758.6,0.008483145,-1.0366403,0.0,18,2,28,-0.0010366404028475662,154.06001794400754,117901.22000000002,117851.50200000001,0.0,0.008488203599999999,-0.001986135612339477,-0.001697372015081205,117992.95,117645.0,0.3264836901853909,1,0,998.9632787969999,-1.0366403,0,1,0,0.0,0.0,-1.0366402999999995,1.3085816999999997,0.2,0.08,0,6,-0.5786570947302402
BUY,117758.6,0.008483145,-1.0366403,0.0,18,2,28,0.0,141.4526900730833,117854.35,117841.49100000001,0.0,0.0084865032,-0.001986135612339477,-0.001697372015081205,117992.95,117650.01,0.3166443109582152,1,0,998.9632787969999,-1.0366403,0,1,0,0.0,0.0,-2.0732805999999995,0.2719413999999998,0.2,0.08,0,7,-0.5625055715678633
BUY,117708.9,0.008495535,0.0,0.4,18,2,39,-0.00042204985453297983,132.93690069194608,117797.54,117835.26599999999,0.00146054323013467,0.0084883232,-0.0024073472186262224,-0.0010565764884998652,117992.95,117650.01,0.17172100075814725,1,0,1000.0000797614999,-0.4,0,1,0,0.0003999999680954026,inf,-2.0732805999999995,1.3318647999999997,0.1,0.08,0,8,0.15569765372594688
BUY,117708.9,0.008495535,0.0,0.4,18,2,39,0.0,123.52533433368724,117763.16,117822.63100000001,0.0,0.0084901432,-0.001458252743449389,-0.002142222553780312,117992.95,117708.9,0.0,1,0,1000.0000797614999,-0.4,0,1,0,0.0003999999680954026,inf,-2.0732805999999995,1.3318647999999997,0.1,0.08,0,9,0.15569606562629454
BUY,117675.01,0.008500149,2.7025373,0.40010205,18,2,58,-0.0002879136581855901,128.28484211149822,117722.00200000001,117808.30150000002,0.0005431088212808355,0.0084901432,-0.001745746550753033,-0.002429519436833775,117992.95,117675.01,0.0,1,0,1000.25511857649,2.30243525,1,0,0,0.00040000000256874867,0.1480468188172648,0.6292567000000004,4.034402099999999,0.1,0.1,1,0,0.3456032214454418
BUY,117675.01,0.008500149,0.0,0.40010205,18,2,58,0.0,124.1335616539471,117705.28399999999,117793.972,0.0,0.0084901432,-0.0007098419988010307,-0.002429519436833775,117992.95,117675.01,0.0,1,0,1000.25511857649,-0.40010205,0,1,0,0.00040000000256874867,inf,1.6658970000000004,4.034402099999999,0.1,0.1,0,1,0.3590862028524563
BUY,117675.01,0.008477335,0.0,0.39902818,18,2,58,0.0,110.06784027233454,117688.56599999999,117779.6425,-0.002683952951883506,0.0084878618,-0.0007098419988010307,-0.002429519436833775,117992.95,117675.01,0.0,1,0,997.5704808983501,-0.39902818,0,1,0,0.0003999999876105596,inf,2.7025373000000004,4.034402099999999,0.1,0.1,0,2,-1.4574073345535978
SELL,117709.3,0.008495506,0.0,0.4,19,2,9,0.00029139576873626893,78.73552340296867,117688.646,117773.49750000001,0.002143480232879691,0.0084896789,3.3982137290275515e-06,-0.0010430086173388443,117880.8,117675.01,0.16662617231161278,0,1,1000.0000644058,-0.4,0,1,0,0.0003999999742376817,inf,2.7025373000000004,5.1313692,0.1,0.08,0,3,0.2801850995910981
SELL,117709.3,0.008495506,0.0,0.4,19,2,9,0.0,62.388627711748875,117688.726,117767.3525,0.0,0.008490915,3.3982137290275515e-06,-0.0010430086173388443,117880.8,117675.01,0.16662617231161278,0,1,1000.0000644058,-0.4,0,1,0,0.0003999999742376817,inf,2.7025373000000004,6.2283363000000005,0.1,0.08,0,4,0.28018262650291464
SELL,117834.6,0.008495506,-1.0644869,0.0,19,2,12,0.0010644868332410073,50.15894404543958,117720.644,117776.83249999999,0.0,0.008492151100000001,0.0013561927889363347,0.0016116282034936106,117834.6,117675.01,1.0,0,1,1001.0645513076,-1.0644869,0,1,0,0.0,0.0,-1.0644868999999995,5.1638494,0.1,0.08,0,5,1.0318351216265103
SELL,117834.6,0.008495506,-1.0644869,0.0,19,2,12,0.0,61.017102347352356,117752.562,117786.3125,0.0,0.0084933872,0.0013561927889363347,0.0016116282034936106,117834.6,117675.01,1.0,0,1,1001.0645513076,-1.0644869,0,1,0,0.0,0.0,-2.1289737999999994,4.0993625,0.1,0.08,0,6,1.0063761844016168
SELL,117773.0,0.008490911,0.0,0.4,19,2,24,-0.0005227666576710366,61.95796299804967,117772.16,117792.7125,-0.0005408741986645538,0.0084941638,0.0008327171588938488,0.001088019040333206,117834.6,117675.01,0.6140109029387709,0,1,1000.0000612030001,-0.4,0,1,0,0.0003999999755188015,inf,-2.1289737999999994,4.0993625,0.1,0.08,0,7,0.24403956993754683
SELL,117757.3,0.008492042,0.0,0.4,19,2,39,-0.00013330729454119616,61.9854716040817,117781.76000000001,117798.07699999998,0.0001332012548476147,0.008493814499999999,0.00040778426173632837,0.0009119421239318905,117834.6,117675.01,0.5156338116423488,0,1,999.9999374066,-0.4,0,1,0,0.0004000000250373616,inf,-2.1289737999999994,1.4579097,0.1,0.08,0,8,0.2611625544536931
SELL,117885.0,0.008492042,-1.0844338,0.0,20,2,0,0.0010844338312783197,76.90250726289429,117816.9,117809.8265,0.0,0.0084934652,0.001492660308063994,0.001997364896101626,117885.0,117675.01,1.0,0,1,1001.08437117,-1.0844338,0,1,0,0.0,0.0,-3.213407599999999,0.3734759000000001,0.1,0.08,0,9,1.043508043130878
SELL,117939.4,0.008490911,-1.4128876,0.0,20,2,0,0.00046146668363222787,91.28536158659094,117837.86000000002,117807.149,-0.00013318351463642575,0.008492541400000001,0.0008893822357778475,-0.00045384067437929905,117939.4,117675.01,1.0,0,1,1001.4129487934,-1.4128876,0,1,0,0.0,0.0,-3.561808299999999,-3.9970385,0.0,0.08,0,10,1.2289501767674937
SELL,117987.21,0.008500149,2.3643923,0.40116355,20,2,0,0.0004053776770105433,104.15288248000705,117868.38200000001,117806.86200000001,0.0010879869074118531,0.008492541400000001,0.001295120448493062,-4.8646974247111263e-05,117987.21,117675.01,1.0,0,1,1002.90886509429,1.96322875,1,0,0,0.00040000000395079164,0.1696687770468547,-0.1329290999999997,-1.6326462,0.1,0.1,1,0,2.135492770193433
SELL,117987.21,0.008477335,0.0,0.40008685,20,2,0,0.0,105.81424476681379,117911.224,117806.575,-0.002683952951883506,0.008492541400000001,0.0018188379339917162,-4.8646974247111263e-05,117987.21,117709.3,1.0,0,1,1000.2171048853502,-0.40008685,0,1,0,0.0004000000080441135,inf,-0.1329290999999997,-1.6326462,0.1,0.1,0,1,0.3031115297107081
BUY,117666.85,0.008477335,2.715799,0.39900053,20,2,1,-0.0027152095553407696,112.36437385682379,117893.13399999999,117790.27000000002,0.0,0.0084907243,-0.0007681052469782942,-0.0027637244428585883,117987.21,117666.85,0.0,1,0,997.5013058447502,2.31679847,1,0,0,0.0004000000076812932,0.14691828445330454,2.5828699000000004,1.0831528000000001,0.2,0.12,1,0,-1.47314484093166
BUY,117748.0,0.008492713,0.0,0.4,20,2,9,0.0006896589821177024,108.04377498142814,117865.73399999998,117783.63,0.0018140134841904132,0.008490445000000001,-0.001162149552530008,-0.001126561747120845,117987.21,117666.85,0.253308777625153,1,0,999.9999703240001,-0.4,0,1,0,0.00040000001187040035,inf,3.6673037000000006,1.0831528000000001,0.2,0.12,0,1,0.18530696331862795
SELL,117748.0,0.008492713,0.0,0.4,20,2,9,0.0,112.03873546933492,117827.454,117776.99000000002,0.0,0.0084901657,-0.0016228673369543527,-0.001126561747120845,117987.21,117666.85,0.253308777625153,0,1,999.9999703240001,-0.4,0,1,0,0.00040000001187040035,inf,5.0801913,1.0831528000000001,0.2,0.12,0,2,0.18530692679275748
SELL,117748.0,0.008492713,0.0,0.4,20,2,9,0.0,115.1748335792536,117779.61200000001,117776.46,0.0,0.0084898864,-0.00202742314188128,-9.00146571036495e-05,117987.21,117666.85,0.253308777625153,0,1,999.9999703240001,-0.4,0,1,0,0.00040000001187040035,inf,2.7157990000000005,2.1197931,0.2,0.12,0,3,0.1719936429784552
SELL,117748.0,0.008492713,0.0,0.4,20,2,9,0.0,116.66644314743837,117731.77000000002,117775.93000000001,0.0,0.0084900666,-0.00202742314188128,-9.00146571036495e-05,117987.21,117666.85,0.253308777625153,0,1,999.9999703240001,-0.4,0,1,0,0.00040000001187040035,inf,2.7157990000000005,3.1564334,0.2,0.12,0,4,0.15865037594938772
SELL,117876.4,0.008492713,-1.0904644,0.0,20,2,10,0.0010904643815605741,115.45760848328233,117773.68000000001,117784.30500000001,0.0,0.008490133700000001,0.0017808754122336779,0.0014230019989992261,117987.21,117666.85,0.6541078786364963,0,1,1001.0904346732,-1.0904644,0,1,0,0.0,0.0,-1.0904643999999994,2.065969,0.2,0.12,0,5,0.864789750480928
SELL,117876.4,0.008492713,-1.0904644,0.0,20,2,10,0.0,115.061963311613,117799.36000000002,117792.68000000001,0.0,0.0084902008,0.0010904643815605715,0.0014230019989992261,117987.21,117666.85,0.6541078786364963,0,1,1001.0904346732,-1.0904644,0,1,0,0.0,0.0,-2.1809287999999993,0.9755046000000003,0.2,0.12,0,6,0.8442004618538237
SELL,117876.4,0.008492713,-1.0904644,0.0,20,2,10,0.0,110.18263656820308,117825.04,117802.74949999999,0.0,0.008490381,0.0010904643815605715,0.0017114083950364603,117987.21,117666.85,0.6541078786364963,0,1,1001.0904346732,-1.0904644,0,1,0,0.0,0.0,-3.2713931999999994,-2.8174970999999998,0.2,0.12,0,7,0.8125535252710515
BUY,117621.3,0.008492713,-1.0760267,0.0,20,2,14,-0.002164131242555656,111.53828104186019,117799.7,117800.06400000001,0.0,0.008489637400000001,-0.0010760267690321456,-0.00045642655989569796,117987.21,117621.3,0.0,1,0,998.9239435869001,-1.0760267,0,1,0,0.0,0.0,-4.347419899999999,-3.8935237999999996,0.1,0.12,0,8,-0.6080571031580138
BUY,117741.5,0.008493182,0.0,0.4,20,2,24,0.001021923750205156,87.69972142985682,117798.4,117803.3885,5.522381363864959e-05,0.008491222100000001,-5.520263613819343e-05,0.0005650307571676029,117876.4,117621.3,0.47118776950216074,1,0,999.999988453,-0.4,0,1,0,0.00040000000461880004,inf,-4.347419899999999,-3.8935237999999996,0.1,0.12,0,9,0.09733471917607636
BUY,117741.5,0.008493182,0.0,0.4,20,2,24,0.0,81.3565847911367,117771.42,117804.99850000002,0.0,0.008492806799999999,-0.0011444190694659337,0.0002735552755814289,117876.4,117621.3,0.47118776950216074,1,0,999.999988453,-0.4,0,1,0,0.00040000000461880004,inf,-3.2569554999999992,-3.8935237999999996,0.0,0.12,0,10,0.09733573815279946
SELL,117741.5,0.008493182,0.0,0.4,20,2,24,0.0,81.60012254885592,117744.43999999999,117806.60850000002,0.0,0.0084928537,-0.0011444190694659337,0.0002735552755814289,117876.4,117621.3,0.47118776950216074,0,1,999.999988453,-0.4,0,1,0,0.00040000000461880004,inf,-2.166491099999999,-3.8935237999999996,0.0,0.12,0,11,0.08393098715038545
SELL,117741.5,0.008493182,0.0,0.4,20,2,24,0.0,81.8371995012678,117717.45999999999,117801.95350000002,0.0,0.0084929006,-0.0011444190694659337,-0.0007900905167073663,117876.4,117621.3,0.47118776950216074,0,1,999.999988453,-0.4,0,1,0,0.00040000000461880004,inf,-1.0760266999999994,-2.8290368999999993,0.0,0.12,0,12,0.07044550622120156
BUY,117491.8,0.008493182,-2.1207476,0.0,20,2,25,-0.002120747569888226,120.76784018190078,117691.56000000001,117784.8135,0.0,0.0084929475,-0.0011009910619930233,-0.002909162504052315,117876.4,117491.8,0.0,1,0,997.8792409076001,-2.1207476,0,1,0,0.0,0.0,-2.1207475999999996,-3.8852976,0.0,0.1,0,13,-1.3749319883977658
BUY,117491.8,0.008493182,-2.1207476,0.0,20,2,25,0.0,144.96131629573546,117641.62,117770.75349999999,0.0,0.0084929944,-0.0021207475698882474,-0.002387644027068998,117876.4,117491.8,0.0,1,0,997.8792409076001,-2.1207476,0,1,0,0.0,0.0,-4.241495199999999,-6.0060452,0.0,0.1,0,14,-1.423179460299368
BUY,117432.0,0.008515567,0.0,0.4,20,2,40,-0.0005089716899392416,159.11799988953123,117579.72,117754.4885,0.0026356435079337714,0.008495279800000002,-0.0026286398593529043,-0.002762461435511878,117876.4,117432.0,0.0,1,0,1000.000063944,-0.4,0,1,0,0.00039999997442240166,inf,-4.241495199999999,-6.0060452,0.0,0.1,0,15,-0.01328371381053005
BUY,117432.0,0.008515567,0.0,0.4,20,2,40,0.0,158.85400739864593,117517.81999999999,117731.8385,0.0,0.008497565200000001,-0.0026286398593529043,-0.0038427280824532384,117876.4,117432.0,0.0,1,0,1000.000063944,-0.4,0,1,0,0.00039999997442240166,inf,-4.241495199999999,-4.9216114,0.0,0.1,0,16,-0.013284681286362494
BUY,117326.6,0.008493182,3.523821,0.39859048,20,2,40,-0.0008975407044076178,159.67484495385213,117434.84,117701.19849999998,-0.002628715151909433,0.0084976121,-0.0035238212524895144,-0.0051958887360796175,117741.5,117326.6,0.0,1,0,996.4761672412001,3.1252305199999997,1,0,0,0.0004000000131498579,0.1131131462125914,-0.7176741999999998,0.015097199999999589,0.1,0.12,1,0,-2.466327167022088
BUY,117326.6,0.008493182,0.0,0.39859048,20,2,40,0.0,176.70325910320443,117401.8,117668.16799999999,0.0,0.008497659,-0.0014060555715377336,-0.005598996704812331,117741.5,117326.6,0.0,1,0,996.4761672412001,-0.39859048,0,1,0,0.0004000000131498579,inf,1.4030734000000002,-2.3492951,0.1,0.12,0,1,-2.2815615745935847
BUY,117284.4,0.008515567,-1.2568977,0.0,20,2,40,-0.0003596797316210987,179.80183567197986,117360.31999999999,117633.0275,0.0026356435079337714,0.0084998975,-0.0017652295734681802,-0.005956662590801258,117741.5,117284.4,0.0,1,0,998.7431662547999,-1.2568977,0,1,0,0.0,0.0,2.2669233,-3.6061927999999996,0.1,0.12,0,2,-0.7394245973534828
BUY,117284.4,0.008515567,-1.2568977,0.0,20,2,40,0.0,169.6768641332991,117330.8,117613.90499999998,0.0,0.008502136,-0.0012568976088289888,-0.003250278221946212,117741.5,117284.4,0.0,1,0,998.7431662547999,-1.2568977,0,1,0,0.0,0.0,1.0100256000000005,-7.578889499999999,0.1,0.12,0,3,-0.7361944444549258
BUY,117208.6,0.008493182,-1.0021955,0.0,20,2,41,-0.0006462922605221522,152.61488241060403,117286.12,117586.93499999998,-0.002628715151909433,0.008502136,-0.0019023775461543206,-0.004580969528144802,117741.5,117208.6,0.0,1,0,995.4739717652001,-1.0021955,0,1,0,0.0,0.0,0.007830100000000506,-8.581085,0.1,0.12,0,4,-2.6597199709129136
BUY,116733.1,0.008566551,0.0,0.4,20,2,55,-0.0040568695471151495,221.1186511552604,117167.42,117536.18999999999,0.008638576213249705,0.0085094729,-0.005058528926944103,-0.008619254679484952,117491.8,116733.1,0.0,1,0,1000.0000545381001,-0.4,0,1,0,0.00039999997818476117,inf,-3.5159908999999994,-8.581085,0.1,0.12,0,5,0.13613783217508652
BUY,116733.1,0.008566551,0.0,0.4,20,2,55,0.0,272.5968908272717,117048.72,117485.44499999999,0.0,0.0085168098,-0.005058528926944103,-0.008619254679484952,117491.8,116733.1,0.0,1,0,1000.0000545381001,-0.4,0,1,0,0.00039999997818476117,inf,-3.5159908999999994,-8.581085,0.1,0.12,0,6,0.1361375120217318
BUY,116733.1,0.008566551,0.0,0.4,20,2,55,0.0,294.84400941628337,116938.46,117434.7,0.0,0.0085241467,-0.004700539884247081,-0.008619254679484952,117432.0,116733.1,0.0,1,0,1000.0000545381001,-0.4,0,1,0,0.00039999997818476117,inf,-2.2590931999999997,-8.581085,0.1,0.12,0,7,0.136137191868419
SELL,116733.1,0.008566551,0.0,0.4,20,2,55,0.0,303.12808807092557,116828.2,117377.53499999999,0.0,0.0085292451,-0.004700539884247081,-0.009699142491626725,117432.0,116733.1,0.0,0,1,1000.0000545381001,-0.4,0,1,0,0.00039999997818476117,inf,-1.0021954999999996,-7.4906206,0.1,0.1,0,8,0.10598867214131831
BUY,116600.0,0.008566551,-1.1402079,0.0,20,2,56,-0.001140207875915289,309.7348938111017,116706.48000000001,117313.715,0.0,0.0085343435,-0.005192451748421241,-0.010828291328883426,117326.6,116600.0,0.0,1,0,998.8598466000001,-1.1402079,0,1,0,0.0,0.0,-1.1402078999999996,-7.5403641,0.1,0.1,0,9,-0.6482151691640092
BUY,116600.0,0.008566551,-1.1402079,0.0,20,2,56,0.0,308.8656996886377,116679.86000000002,117249.89499999999,0.0,0.008541680400000001,-0.0011402078759152787,-0.010828291328883426,117326.6,116600.0,0.0,1,0,998.8598466000001,-1.1402079,0,1,0,0.0,0.0,-2.2804157999999997,-7.5901076,0.0,0.08,0,10,-0.6192273113463465
BUY,116600.0,0.008566551,-1.1402079,0.0,20,2,56,0.0,288.3195595933963,116653.23999999999,117198.82999999999,0.0,0.0085490173,-0.0011402078759152787,-0.008682951132150408,117284.4,116600.0,0.0,1,0,998.8598466000001,-1.1402079,0,1,0,0.0,0.0,-3.4206236999999997,-7.6542888,0.0,0.08,0,11,-0.5908432975114677
BUY,116401.99,0.008566551,2.8364706,0.39886543,21,2,0,-0.0016981989708404477,275.68659720110946,116587.01800000001,117131.85449999999,0.0,0.0085541157,-0.0028364705469142906,-0.011376702352186737,117284.4,116401.99,0.0,1,0,997.16358383649,2.4376051700000003,1,0,0,0.00039999999645534993,0.14062032936283564,-0.5841530999999995,-4.8178182,0.1,0.1,1,0,-1.7477037066247525
BUY,115973.8,0.008622637,0.0,0.4,21,2,10,-0.003678545358202223,309.579501490258,116435.15800000001,117043.46949999998,0.0065470922895340955,0.0085648227,-0.006504581819552491,-0.015013397994759682,117208.6,115973.8,0.0,1,0,999.9999789106001,-0.4,0,1,0,0.00040000000843576014,inf,-0.5841530999999995,-4.8178182,0.1,0.1,0,1,0.3057586009458341
BUY,115973.8,0.008622637,0.0,0.4,21,2,10,0.0,300.00908210072805,116309.91799999999,116955.0845,0.0,0.0085777682,-0.005370497427101176,-0.015013397994759682,116733.1,115973.8,0.0,1,0,999.9999789106001,-0.4,0,1,0,0.00040000000843576014,inf,0.5560548000000005,-4.8178182,0.1,0.1,0,2,0.30575765308048053
SELL,115973.8,0.008622637,0.0,0.4,21,2,10,0.0,331.2262111350782,116184.678,116866.69949999999,0.0,0.0085833768,-0.005370497427101176,-0.015013397994759682,116733.1,115973.8,0.0,0,1,999.9999789106001,-0.4,0,1,0,0.00040000000843576014,inf,1.6962627000000006,-4.8178182,0.1,0.1,0,3,0.30575670521589454
SELL,115973.8,0.008622637,0.0,0.4,21,2,10,0.0,341.47362203086385,116059.438,116790.79950000001,0.0,0.008588985400000002,-0.005370497427101176,-0.012920050590764632,116733.1,115973.8,0.0,0,1,999.9999789106001,-0.4,0,1,0,0.00040000000843576014,inf,2.8364706000000006,-2.6970706000000004,0.1,0.1,0,4,0.29109651578288237
BUY,115850.0,0.008622637,-1.0674825,0.0,21,2,10,-0.001067482483112614,347.3521878576815,115949.04,116708.70950000003,0.0,0.008594594,-0.004742101058581603,-0.013973741146190653,116733.1,115850.0,0.0,1,0,998.93249645,-1.0674825,0,1,0,0.0,0.0,-1.0674824999999994,-1.6438055000000003,0.1,0.1,0,5,-0.481672264190038
BUY,115850.0,0.008622637,-1.0674825,0.0,21,2,10,0.0,327.67743801987467,115924.28,116629.60950000002,0.0,0.008600202599999999,-0.00106748248311259,-0.013471626132570339,116600.0,115850.0,0.0,1,0,998.93249645,-1.0674825,0,1,0,0.0,0.0,-2.1349649999999993,-2.711288,0.1,0.1,0,6,-0.4655666312982008
SELL,116106.5,0.008622637,-1.1442239,0.0,21,2,13,0.00221406991799733,292.63614276763747,115950.81999999999,116563.33450000003,0.0,0.0086058112,0.0011442239540309716,-0.01128738333673956,116600.0,115850.0,0.342,0,1,1001.1442028405,-1.1442239,0,1,0,0.0,0.0,-3.2791888999999994,-3.8555119,0.1,0.1,0,7,1.1043647846382856
SELL,116106.5,0.008622637,-1.1442239,0.0,21,2,13,0.0,241.84141647074034,115977.36000000002,116502.32950000002,0.0,0.0086114198,0.0011442239540309716,-0.010399176316368204,116600.0,115850.0,0.342,0,1,1001.1442028405,-1.1442239,0,1,0,0.0,0.0,-4.4234127999999995,-8.5235568,0.1,0.08,0,8,1.0807738653414727
BUY,116227.9,0.008603786,0.0,0.4,21,2,25,0.0010455917627349987,171.52011391122207,116028.18000000001,116447.39450000001,-0.0021862221499061585,0.008615143300000001,0.0021910121079070552,-0.009364457846728803,116401.99,115850.0,0.684613851700195,1,0,999.9999788294,-0.4,0,1,0,0.0004000000084682402,inf,-4.4234127999999995,-8.5235568,0.1,0.08,0,9,0.2750868015117444
SELL,116227.9,0.008603786,0.0,0.4,21,2,25,0.0,136.3563468738409,116103.76000000001,116394.56950000001,0.0,0.008618866800000001,0.0032619766940008127,-0.009008018116646374,116227.9,115850.0,1.0,0,1,999.9999788294,-0.4,0,1,0,0.0004000000084682402,inf,-3.3559303,-7.2666591,0.0,0.08,0,10,0.24592265057996415
SELL,116227.9,0.008603786,0.0,0.4,21,2,25,0.0,148.59201750470962,116179.34,116341.7445,0.0,0.008616981700000002,0.0032619766940008127,-0.009008018116646374,116227.9,115850.0,1.0,0,1,999.9999788294,-0.4,0,1,0,0.0004000000084682402,inf,-2.2884477999999997,-6.0097614,0.0,0.08,0,11,0.24592396631833754
SELL,116227.9,0.008603786,0.0,0.4,21,2,25,0.0,155.34253763686394,116203.62,116292.7095,0.0,0.0086150966,0.0010455917627350249,-0.008367133469728429,116227.9,115850.0,1.0,0,1,999.9999788294,-0.4,0,1,0,0.0004000000084682402,inf,-1.1442238999999996,-5.0075659,0.0,0.08,0,12,0.24592528205777395
SELL,116345.7,0.008603786,-1.013526,0.0,21,2,28,0.0010135260122570156,171.5085320181667,116251.45999999999,116273.3395,0.0,0.008613211499999999,0.0020601775094417373,-0.0033186816764054815,116345.7,115850.0,1.0,0,1,1001.0135048202001,-1.013526,0,1,0,0.0,0.0,-1.0135259999999995,-6.0210919,0.0,0.08,0,13,0.9812593241818683
SELL,116345.7,0.008603786,-1.013526,0.0,21,2,28,0.0,177.8356044826331,116275.01999999999,116253.9695,0.0,0.0086113264,0.001013526012256979,-0.0033186816764054815,116345.7,115850.0,1.0,0,1,1001.0135048202001,-1.013526,0,1,0,0.0,0.0,-2.0270519999999994,-7.034617900000001,0.0,0.08,0,14,0.9827413127161717
SELL,116345.7,0.008603786,-1.013526,0.0,21,2,28,0.0,151.57320233524524,116298.58,116234.59949999998,0.0,0.008609441300000001,0.001013526012256979,-0.0033186816764054815,116345.7,115850.0,1.0,0,1,1001.0135048202001,-1.013526,0,1,0,0.0,0.0,-3.040577999999999,-8.0481439,0.0,0.08,0,15,0.9593356085063826
BUY,116342.0,0.008595348,0.0,0.4,21,2,40,-3.1801776945727944e-05,93.73499346299246,116321.4,116215.0445,-0.0009807310409628567,0.008606712400000001,0.000981692003383059,-0.003350377913376804,116345.7,116106.5,0.9845317725752628,1,0,999.9999770159999,-0.4,0,1,0,0.0004000000091936003,inf,-3.040577999999999,-8.0481439,0.0,0.08,0,16,0.23098086800631248
BUY,116342.0,0.008595348,0.0,0.4,21,2,40,0.0,82.48076947293184,116344.22,116202.14450000001,0.0,0.0086039835,0.000981692003383059,-0.0022126929674099486,116345.7,116106.5,0.9845317725752628,1,0,999.9999770159999,-0.4,0,1,0,0.0004000000091936003,inf,-3.040577999999999,-6.907936,0.0,0.08,0,17,0.24906826508552588
SELL,116342.0,0.008595348,0.0,0.4,21,2,40,0.0,59.89537266088612,116343.48000000001,116189.2445,0.0,0.0086012546,-3.180177694574952e-05,-0.0022126929674099486,116345.7,116227.9,0.9685908319185315,0,1,999.9999770159999,-0.4,0,1,0,0.0004000000091936003,inf,-2.0270519999999994,-5.7677281,0.0,0.08,0,18,0.27404856888954454
SELL,116520.0,0.008603786,2.513166,0.40100527,21,2,42,0.0015299719791648236,87.19994648045477,116378.34000000001,116185.2445,0.0009816938185633894,0.0086012546,0.0014981215463915117,-0.0006861063464837049,116520.0,116227.9,1.0,0,1,1002.51314472,2.11216073,1,0,0,0.00040000001208163714,0.15956179177977103,1.4996400000000008,-2.1143542,0.1,0.08,1,0,2.1640577719933325
SELL,116459.6,0.008595348,-1.0108129,0.0,21,2,42,-0.0005183659457603795,88.80454505123053,116401.12,116188.125,-0.0009807310409628567,0.0086004108,0.0009789790254389182,0.0004949228101684566,116520.0,116227.9,0.7932214994865013,0,1,1001.0107899408,-1.0108129,0,1,0,0.0,0.0,1.502353100000001,-5.961637700000001,0.1,0.08,0,1,1.0190923981729336
BUY,116992.6,0.008547549,0.0,0.4,21,2,55,0.0045766944073308835,213.63400062203968,116531.24000000002,116239.06500000002,-0.005561031385814652,0.0085947871,0.005592133537329647,0.008784742760864979,116992.6,116227.9,1.0,1,0,999.9999811374,-0.4,0,1,0,0.00040000000754504013,inf,1.5023531000000008,-5.961637700000001,0.1,0.06,0,2,0.23861299218862925
SELL,116992.6,0.008547549,0.0,0.4,21,2,55,0.0,265.32606962339656,116661.36000000002,116290.005,0.0,0.0085891634,0.005592133537329647,0.008784742760864979,116992.6,116342.0,1.0,0,1,999.9999811374,-0.4,0,1,0,0.00040000000754504013,inf,1.5023531000000008,-5.961637700000001,0.1,0.06,0,3,0.2386128179826421
SELL,116992.6,0.008547549,0.0,0.4,21,2,55,0.0,299.43834757691803,116791.48000000001,116340.94499999999,0.0,0.0085835397,0.005592133537329647,0.008784742760864979,116992.6,116342.0,1.0,0,1,999.9999811374,-0.4,0,1,0,0.00040000000754504013,inf,1.5023531000000008,-5.961637700000001,0.1,0.06,0,4,0.2386126437765894
SELL,116992.6,0.008547549,0.0,0.4,21,2,55,0.0,315.64090021494786,116886.0,116391.88499999998,0.0,0.008577916,0.004055956059045707,0.008784742760864979,116992.6,116342.0,1.0,0,1,999.9999811374,-0.4,0,1,0,0.00040000000754504013,inf,-1.0108128999999992,-5.961637700000001,0.1,0.06,0,5,0.23861246957064408
BUY,116874.3,0.008547549,-1.011175,0.0,21,2,59,-0.0010111750657734175,306.46418695912587,116968.93999999999,116443.1,0.0,0.0085722923,0.003560891502289181,0.008841605524385007,116992.6,116342.0,0.81816784506609,1,0,998.9888060907,-1.011175,0,1,0,0.0,0.0,-1.0111749999999993,-5.905330200000001,0.1,0.06,0,6,-0.5146616013968432
SELL,117123.1,0.008547549,-1.1154552,0.0,22,2,6,0.002128782803405116,308.85212283134763,116995.04000000001,116506.75499999998,0.0,0.0085675124,0.0011154551655403846,0.010989210185584858,117123.1,116342.0,1.0,0,1,1001.1154362819,-1.1154552,0,1,0,0.0,0.0,-2.1266301999999992,-5.953302900000001,0.1,0.06,0,7,1.0999446543560212
SELL,117123.1,0.008547549,-1.1154552,0.0,22,2,6,0.0,288.61879606865455,117021.13999999998,116557.58499999999,0.0,0.0085627325,0.0011154551655403846,0.008755754415127541,117123.1,116342.0,1.0,0,1,1001.1154362819,-1.1154552,0,1,0,0.0,0.0,-3.2420853999999992,-5.924534200000001,0.1,0.06,0,8,1.0991008162170723
SELL,117123.1,0.008547549,-1.1154552,0.0,22,2,6,0.0,240.1121090003319,117047.24000000002,116608.415,0.0,0.0085579526,0.0011154551655403846,0.008755754415127541,117123.1,116459.6,1.0,0,1,1001.1154362819,-1.1154552,0,1,0,0.0,0.0,-4.357540599999999,-5.8957654999999995,0.1,0.06,0,9,1.0982580470130137
BUY,117194.7,0.008532809,0.0,0.4,22,2,10,0.0006113226169730535,208.08281497664922,117087.66,116656.755,-0.001724470956527946,0.0085508549,0.0017274596854843065,0.00831814048090005,117194.7,116459.6,1.0,1,0,999.9999909123001,-0.4,0,1,0,0.00040000000363508005,inf,-4.357540599999999,-5.8957654999999995,0.0,0.06,0,10,0.23632604901361526
BUY,117194.7,0.008532809,0.0,0.4,22,2,10,0.0,105.87591479214122,117151.73999999999,116705.095,0.0,0.008544601,0.002741406793452403,0.00831814048090005,117194.7,116874.3,1.0,1,0,999.9999909123001,-0.4,0,1,0,0.00040000000363508005,inf,-3.3463655999999995,-5.8957654999999995,0.0,0.06,0,11,0.23632600946268856
SELL,117194.7,0.008532809,0.0,0.4,22,2,10,0.0,110.68817310992141,117166.06000000001,116753.43500000001,0.0,0.008543127000000001,0.0006113226169730076,0.00831814048090005,117194.7,116874.3,1.0,0,1,999.9999909123001,-0.4,0,1,0,0.00040000000363508005,inf,-2.230910399999999,-5.8957654999999995,0.0,0.06,0,12,0.236325969911763
SELL,117194.7,0.008532809,0.0,0.4,22,2,10,0.0,111.29411684449282,117180.38,116801.775,0.0,0.008541653,0.0006113226169730076,0.00831814048090005,117194.7,116874.3,1.0,0,1,999.9999909123001,-0.4,0,1,0,0.00040000000363508005,inf,-1.1154551999999993,-5.8957654999999995,0.0,0.06,0,13,0.23632593036092497
BUY,117069.5,0.008532809,-1.0683076,0.0,22,2,18,-0.0010683076965084526,105.49600571574227,117169.66,116837.965,0.0,0.008540178999999998,-0.0004576381601921894,0.00622111517658154,117194.7,116874.3,0.6092384519350831,1,0,998.9316832255,-1.0683076,0,1,0,0.0,0.0,-1.0683075999999994,-5.9505471,0.0,0.06,0,14,-0.5586406305295872
BUY,117069.5,0.008532809,-1.0683076,0.0,22,2,18,0.0,98.69660806836556,117144.62,116874.15499999998,0.0,0.008538704999999999,-0.001068307696508435,0.00622111517658154,117194.7,116874.3,0.6092384519350831,1,0,998.9316832255,-1.0683076,0,1,0,0.0,0.0,-2.1366151999999996,-6.005328700000001,0.0,0.06,0,15,-0.5838744951005995
BUY,117168.4,0.008534725,0.0,0.4,22,2,25,0.0008447973212493132,50.842048430939215,117139.36000000002,116915.29000000001,0.0002245450472404542,0.0085374226,-0.00022441287873942176,0.007071168079267194,117194.7,117069.5,0.7899361022363935,1,0,1000.0000726899999,-0.4,0,1,0,0.00039999997092400217,inf,-2.1366151999999996,-4.991802700000001,0.0,0.06,0,16,0.21133182915069418
BUY,117168.4,0.008534725,0.0,0.4,22,2,25,0.0,50.637201956553206,117134.1,116956.61000000002,0.0,0.0085361402,-0.00022441287873942176,0.007103195750459801,117194.7,117069.5,0.7899361022363935,1,0,1000.0000726899999,-0.4,0,1,0,0.00039999997092400217,inf,-2.1366151999999996,-4.991802700000001,0.0,0.06,0,17,0.21133168526928567
BUY,117047.5,0.008534725,-1.0318483,0.0,22,2,30,-0.0010318481774949095,59.90764744159504,117104.66,116991.88500000001,0.0,0.0085348578,-0.0012560294962143945,0.006064018153375393,117194.7,117047.5,0.0,1,0,998.9682244375,-1.0318483,0,1,0,0.0,0.0,-3.1684634999999997,-6.023651000000001,0.0,0.06,0,18,-0.5823961947637315
BUY,117047.5,0.008534725,-1.0318483,0.0,22,2,30,0.0,66.98296964142398,117100.26000000001,117027.16,0.0,0.0085335754,-0.0001879225588218964,0.006064018153375393,117194.7,117047.5,0.0,1,0,998.9682244375,-1.0318483,0,1,0,0.0,0.0,-3.1320042,-7.055499300000001,0.0,0.04,0,19,-0.6647683538434696
BUY,117031.6,0.008544701,0.0,0.4,22,2,40,-0.00013584228625129757,70.58070636418405,117092.68000000001,117052.74000000002,0.0011688718734346182,0.0085347646,-0.0003237393172431263,0.004390662547202247,117194.7,117031.6,0.0,1,0,1000.0000295516,-0.4,0,1,0,0.00039999998817936034,inf,-2.063696599999999,-9.568665300000001,0.0,0.04,0,20,0.1543892112929766
SELL,117031.6,0.008544701,0.0,0.4,22,2,40,0.0,69.89568735524207,117065.31999999999,117081.34,0.0,0.0085359538,-0.0011675502951306697,0.004911574485916146,117194.7,117031.6,0.0,0,1,1000.0000295516,-0.4,0,1,0,0.00039999998817936034,inf,-2.063696599999999,-8.557852400000002,0.0,0.04,0,21,0.1327622838951334
BUY,116907.6,0.008544701,-1.0595429,0.0,22,2,48,-0.0010595428926888362,85.06162537156142,117013.16,117077.09,0.0,0.008537143,-0.0022258561182024197,-0.0007265416787044651,117194.7,116907.6,0.0,1,0,998.9404866276001,-1.0595429,0,1,0,0.0,0.0,-3.1232394999999995,-9.617395300000002,0.0,0.04,0,22,-0.8522997310872213
BUY,117003.7,0.008546738,0.0,0.4,22,2,55,0.0008220167037900072,75.79466486472758,117004.4,117077.64499999999,0.0002383933621550316,0.0085385359,-0.0003742070526923079,9.487779568956727e-05,117168.4,116907.6,0.3684815950920075,1,0,999.9999689306,-0.4,0,1,0,0.00040000001242776045,inf,-2.0913911999999995,-9.617395300000002,0.0,0.04,0,23,0.056339130575743204
BUY,117003.7,0.008546738,0.0,0.4,22,2,55,0.0,77.19391527372743,116995.63999999998,117078.2,0.0,0.0085399288,-0.0003742070526923079,9.487779568956727e-05,117168.4,116907.6,0.3684815950920075,1,0,999.9999689306,-0.4,0,1,0,0.00040000001242776045,inf,-1.0595428999999994,-9.617395300000002,0.0,0.04,0,24,0.0563410959108709
SELL,117162.6,0.008544701,-1.1193558,0.0,23,2,0,0.0013580767103946734,85.27313240902158,117021.84,117086.7,-0.0002383365443049401,0.008541118,0.0011193557979212452,0.0014530833574089301,117168.4,116907.6,0.9777607361963626,0,1,1001.1193853826001,-1.1193558,0,1,0,0.0,0.0,-2.1788986999999995,-10.736751100000001,0.0,0.04,0,25,1.2886901953471475
SELL,117090.4,0.00854041,0.0,0.4,23,2,10,-0.000616237604833092,77.15880017326003,117033.6,117097.50499999998,-0.0005021825807597358,0.0085416865,0.0005024284039523373,0.0018489950314140172,117168.4,116907.6,0.7009202453987596,0,1,1000.000023064,-0.4,0,1,0,0.00039999999077440024,inf,-2.1788986999999995,-9.725576100000001,0.0,0.04,0,26,0.030253640316079126
BUY,117014.8,0.008545928,0.0,0.4,23,2,25,-0.0006456549811085788,65.21470522439492,117055.04,117092.09000000001,0.0006461048122980984,0.0085428068,0.0009169634822714442,-0.0009246681482986952,117162.6,116907.6,0.4203921568627337,1,0,1000.0000557344,-0.4,0,1,0,0.0003999999777062413,inf,-1.1193557999999992,-8.6101209,0.0,0.04,0,27,0.03029034292023582
SELL,117211.6,0.00854041,-1.0350977,0.0,23,2,51,0.0016818385366637045,86.22350091967047,117096.62,117096.51500000001,-0.00064568763041295,0.0085433753,0.0017768668854062626,0.0007556152458396337,117211.6,116907.6,1.0,0,1,1001.0351207560001,-1.0350977,0,1,0,0.0,0.0,-2.154453499999999,-8.5297634,0.0,0.04,0,28,1.1481024307947925
SELL,117300.0,0.008546738,2.5323985,0.40101296,23,2,52,0.0007541915646573916,116.79564489487322,117155.88,117105.36000000002,0.0007409480341107333,0.008544576600000001,0.0025323985480801285,0.0015103766891415456,117300.0,116907.6,1.0,0,1,1002.5323674,2.13138554,1,0,0,0.0004000000130070613,0.15835302382306732,0.3779450000000013,-4.881909700000001,0.1,0.06,1,0,2.598590174543385
SELL,117300.0,0.008546738,0.0,0.40101296,23,2,52,0.0,134.9488051067985,117183.36000000002,117110.625,0.0,0.0085447803,0.0011727291814964346,0.0008985047958653669,117300.0,116907.6,1.0,0,1,1002.5323674,-0.40101296,0,1,0,0.0004000000130070613,inf,1.4973008000000012,-4.881909700000001,0.1,0.06,0,1,2.406855001021691
BUY,117265.6,0.0085276505,0.0,0.4,23,2,55,-0.0002932651321397861,141.40289954509936,117218.4,117114.17,-0.0022333081931376064,0.00854307525,0.0014962797974899023,0.0006049761635979164,117300.0,116907.6,0.9123343527013387,1,0,1000.0000524728,-0.4,0,1,0,0.0003999999790108811,inf,1.4973008000000012,-4.881909700000001,0.1,0.04,0,2,-0.2489620948136871
BUY,117265.6,0.0085276505,0.0,0.4,23,2,55,0.0,124.24269260782015,117268.56000000001,117117.715,0.0,0.008541370199999999,0.0021433186229434472,0.0006049761635979164,117300.0,117003.7,0.8839014512318804,1,0,1000.0000524728,-0.4,0,1,0,0.0003999999790108811,inf,1.4973008000000012,-4.881909700000001,0.1,0.04,0,3,-0.2489638634849822
SELL,117312.8,0.008532809,-1.0077248,0.0,0,3,6,0.00040250508247940964,118.87310180658453,117288.8,117123.62000000002,0.0006049145658586497,0.0085399773,0.0008633957731145816,0.00100772475205795,117312.8,117003.7,1.0,0,1,1001.0077156552001,-1.0077248,0,1,0,0.0,0.0,1.524673700000001,-5.889634500000001,0.1,0.04,0,4,0.8613791487790097
SELL,117312.8,0.008532809,-1.0077248,0.0,0,3,6,0.0,103.45147869528091,117291.36000000002,117135.785,0.0,0.0085385844,0.0001091219096334434,0.002078252661880361,117312.8,117014.8,1.0,0,1,1001.0077156552001,-1.0077248,0,1,0,0.0,0.0,-2.0154495999999993,-5.829051700000001,0.1,0.04,0,5,0.8332994128983142
SELL,117340.7,0.008522192,0.0,0.4,0,3,10,0.00023782571040831257,107.04734206997449,117299.5,117149.34500000002,-0.0012442561412074893,0.0085363335,0.00034697357203748583,0.0023165726342044436,117340.7,117014.8,1.0,0,1,999.9999748143999,-0.4,0,1,0,0.0004000000100742403,inf,-2.0154495999999993,-4.7607441,0.1,0.04,0,6,-0.2906287011577333
SELL,117419.9,0.008546738,-1.0247539,0.0,0,3,46,0.0006749576233990862,106.10092469924452,117330.36000000002,117161.92,0.0028802448947407022,0.0085369663,0.0013158164031053297,0.0021464831814721375,117419.9,117014.8,1.0,0,1,1003.5571212862,-1.0247539,0,1,0,0.0,0.0,-3.0402034999999996,-5.7854980000000005,0.1,0.04,0,7,3.234961870170095
SELL,117384.2,0.008519034,0.0,0.4,0,3,55,-0.0003040370499378664,59.95338559472821,117354.08,117172.70999999999,-0.003241470605510499,0.008534276900000002,0.001011379296230022,0.0018417935211200538,117419.9,117211.6,0.8286125780124864,0,1,999.9999908628,-0.4,0,1,0,0.0004000000036548801,inf,-3.0402034999999996,-5.7854980000000005,0.1,0.04,0,8,-0.38578827137503896
SELL,117384.2,0.008519034,0.0,0.4,0,3,55,0.0,52.42774498561356,117368.35999999999,117189.545,0.0,0.0085321393,0.0006086292373892208,0.0028766099233217034,117419.9,117265.6,0.7686325340246287,0,1,999.9999908628,-0.4,0,1,0,0.0004000000036548801,inf,-2.0324786999999995,-4.7536497,0.1,0.04,0,9,-0.36410140193223833
SELL,117462.7,0.008522192,-1.0397074,0.0,1,3,5,0.0006687441751105361,66.0490095800403,117398.34,117210.30500000001,0.0003706993069871878,0.0085296847,0.001277780429756976,0.003547277814562439,117462.7,117265.6,1.0,0,1,1001.0396822383999,-1.0397074,0,1,0,0.0,0.0,-2.064461299999999,-4.7615088000000005,0.0,0.04,0,10,0.7161627948107145
SELL,117530.0,0.008519034,-1.2420752,0.0,1,3,6,0.0005729478379095099,85.79124858153457,117436.2,117235.225,-0.00037056193993278974,0.008526914299999999,0.001613250986230719,0.004258678852549176,117530.0,117265.6,1.0,0,1,1001.24206602,-1.2420752,0,1,0,0.0,0.0,-3.306536499999999,-6.003584,0.0,0.04,0,11,0.894067825806264
SELL,117530.0,0.008519034,-1.2420752,0.0,1,3,6,0.0,91.34067427839713,117458.22,117260.14500000002,0.0,0.008526052650000001,0.0009376604817412196,0.004258678852549176,117530.0,117265.6,1.0,0,1,1001.24206602,-1.2420752,0,1,0,0.0,0.0,-3.5238577999999987,-7.2456592,0.0,0.04,0,12,0.8630494683130951
SELL,117559.99,0.0085276505,2.5104551,0.4010042,1,3,7,0.00025516889304855184,92.6863862044624,117493.378,117292.7645,0.0010114409685415549,0.008526052650000001,0.0014975610005435837,0.005580389983200403,117559.99,117312.8,1.0,0,1,1002.510507503495,2.1094509,1,0,0,0.00039999999700611813,0.1597336674135299,-1.013402699999999,-3.6756612,0.1,0.06,1,0,2.022002885330213
SELL,117559.99,0.0085276505,0.0,0.4010042,1,3,7,0.0,92.77716622750815,117528.53600000001,117320.579,0.0,0.0085255368,0.0014975610005435837,0.0047544650297384455,117559.99,117312.8,1.0,0,1,1002.510507503495,-0.4010042,0,1,0,0.00039999999700611813,inf,-1.0134026999999988,-3.6756612000000004,0.1,0.06,0,1,1.9009206259768348
BUY,117493.0,0.008511146,0.0,0.4,1,3,10,-0.0005698367276145699,80.14273375180312,117534.59599999999,117345.04400000002,-0.0019354099936434999,0.008523370499999999,0.0002579542271717142,0.00418191903332974,117559.99,117340.7,0.6945141137306637,1,0,1000.000076978,-0.4,0,1,0,0.00039999996920880236,inf,0.02630470000000118,-3.6756612000000004,0.1,0.06,0,2,-0.4531074257333231
BUY,117493.0,0.008511146,0.0,0.4,1,3,10,0.0,66.97640393696862,117527.196,117361.56400000001,0.0,0.008522265900000001,-0.0003148132391729771,0.002820012529595572,117559.99,117384.2,0.6189203026338124,1,0,1000.000076978,-0.4,0,1,0,0.00039999996920880236,inf,1.2683799000000011,-2.5563054000000003,0.1,0.06,0,3,-0.43424448569790863
SELL,117493.0,0.008511146,0.0,0.4,1,3,10,0.0,63.37448624290533,117519.796,117381.69400000002,0.0,0.0085187067,-0.0003148132391729771,0.0034383689866975074,117559.99,117384.2,0.6189203026338124,0,1,1000.000076978,-0.4,0,1,0,0.00039999996920880236,inf,2.510455100000001,-2.5563054000000003,0.1,0.06,0,4,-0.4155116307110951
SELL,117447.9,0.008514414,0.0,0.4,1,3,25,-0.00038385265505180843,54.20773966775708,117497.378,117403.349,0.000383967094442772,0.0085182447,-0.0009534706493256001,0.003701241210513467,117559.99,117384.2,0.3623641845383363,0,1,1000.0000440306,-0.4,0,1,0,0.0003999999823877608,inf,0.0,-2.5563054000000003,0.1,0.06,0,5,-0.4155443335426745
SELL,117566.7,0.008514414,-1.0115124,0.0,1,3,31,0.0010115123386624791,41.954957804020545,117498.72,117421.104,0.0,0.0085177827,5.7077242010584135e-05,0.0030295636268081933,117566.7,117447.9,1.0,0,1,1001.0115564137999,-1.0115124,0,1,0,0.0,0.0,-1.011512399999999,-2.5327201000000006,0.1,0.06,0,6,0.5228985549424411
SELL,117612.9,0.008511146,-1.0204864,0.0,1,3,32,0.0003929684170773662,48.12856758386545,117522.7,117436.749,-0.0003838197203001048,0.0085166781,0.001020486326844954,0.002667519181585628,117612.9,117447.9,1.0,0,1,1001.0205633834,-1.0204864,0,1,0,0.0,0.0,-2.0319987999999993,-6.085605000000001,0.1,0.06,0,7,0.5117146045817883
SELL,117644.4,0.008500192,0.0,0.4,1,3,40,0.00026782776379130624,60.49351917455491,117552.97999999998,117453.969,-0.0012870182229279825,0.008514793900000001,0.0012885874052070692,0.002936061381074119,117644.4,117447.9,1.0,0,1,999.9999877248,-0.4,0,1,0,0.00040000000491008007,inf,-2.0319987999999993,-6.085605000000001,0.1,0.04,0,8,-0.4215514514783636
SELL,117644.4,0.008500192,0.0,0.4,1,3,40,0.0,68.64213344839669,117583.25999999998,117472.90900000001,0.0,0.0085129097,0.0012885874052070692,0.0032302738398983875,117644.4,117447.9,1.0,0,1,999.9999877248,-0.4,0,1,0,0.00040000000491008007,inf,-2.0319987999999993,-6.085605000000001,0.1,0.04,0,9,-0.40238457171703296
SELL,117679.9,0.0085276505,-1.0225506,0.0,1,3,43,0.00030175681970412427,79.84401911028868,117629.66,117493.624,0.003230338797052923,0.0085129097,0.0019753439610244203,0.003533005416763214,117679.9,117447.9,1.0,0,1,1003.5330580749498,-1.0225506,0,1,0,0.0,0.0,-3.054549399999999,-7.108155600000001,0.0,0.04,0,10,2.7607248994601936
SELL,117787.2,0.008511146,2.5039792,0.40100163,1,3,45,0.0009117954722939192,106.58012322463958,117673.75999999998,117517.344,-0.0019354099936434999,0.00851125925,0.0018755310815052222,0.004043889498844066,117787.2,117447.9,1.0,0,1,1002.5040561312001,2.1029775699999997,1,0,0,0.00040000000752866776,0.16014575121071295,0.46094220000000075,-3.596451600000001,0.1,0.06,1,0,1.731853471178059
SELL,117787.2,0.008511146,0.0,0.40100163,1,3,45,0.0,117.97822962982406,117708.62,117541.06399999998,0.0,0.00851125925,0.001481980292978091,0.004043889498844066,117787.2,117447.9,1.0,0,1,1002.5040561312001,-0.40100163,0,1,0,0.00040000000752866776,inf,1.4814286000000008,-2.5887268000000008,0.1,0.06,0,1,1.6434651087949022
SELL,117787.3,0.008500192,-1.2146775,0.0,1,3,46,8.489886846874128e-07,120.65714925604536,117737.2,117563.394,-0.0012870182229279825,0.00851016385,0.001214677451710483,0.0038060110430567216,117787.3,117447.9,1.0,0,1,1001.2146651616,-1.2146775,0,1,0,0.0,0.0,0.2667511000000007,-3.803404300000001,0.1,0.06,0,2,0.5213789213165346
SELL,117787.3,0.008500192,-1.2146775,0.0,1,3,46,0.0,115.20725092894008,117765.77999999998,117581.764,0.0,0.00850906845,0.001214677451710483,0.0031289415167276478,117787.3,117447.9,1.0,0,1,1001.2146651616,-1.2146775,0,1,0,0.0,0.0,-0.9479263999999994,-3.993327900000001,0.1,0.06,0,3,0.4919912573967636
BUY,117783.3,0.008490168,0.0,0.4,1,3,55,-3.395951855589274e-05,87.35721301994845,117786.46,117601.71900000001,-0.0011792674800757963,0.008506643849999999,0.0008786547235339997,0.003399946500466041,117787.3,117566.7,0.9818676337262018,1,0,1000.0000045943999,-0.4,0,1,0,0.00039999999816224004,inf,0.07462420000000058,-3.9933279000000006,0.1,0.06,0,4,-0.5434551432292158
BUY,117783.3,0.008490168,0.0,0.4,1,3,55,0.0,74.28802505530986,117785.68000000001,117621.674,0.0,0.00850421925,-3.3110558702424196e-05,0.003399946500466041,117787.3,117612.9,0.9770642201834874,1,0,1000.0000045943999,-0.4,0,1,0,0.00039999999816224004,inf,-2.4293549999999993,-3.9933279000000006,0.1,0.06,0,5,-0.5235802569200211
SELL,117783.3,0.008490168,0.0,0.4,1,3,55,0.0,63.235612328993085,117784.9,117637.70399999998,0.0,0.00850212145,-3.3110558702424196e-05,0.0027293770703381228,117787.3,117644.4,0.9720083974807575,0,1,1000.0000045943999,-0.4,0,1,0,0.00039999999816224004,inf,-2.4293549999999993,-2.953620500000001,0.1,0.06,0,6,-0.5039368631870442
SELL,117918.2,0.008511146,-1.1149601,0.0,2,3,17,0.0011453236579379578,72.57650675870525,117811.08,117657.11399999999,0.0024708580560479643,0.00850321685,0.001111325244741956,0.0033029864715391566,117918.2,117644.4,1.0,0,1,1003.6190162572001,-1.1149601,0,1,0,0.0,0.0,-2.329637599999999,-2.826505400000001,0.1,0.06,0,7,2.414514802537163
SELL,117918.2,0.008490168,-1.1453236,0.0,2,3,17,0.0,69.78563685373095,117837.26000000001,117676.524,-0.0024647679642672005,0.00850221445,0.001111325244741956,0.0033029864715391566,117918.2,117679.9,1.0,0,1,1001.1453282575999,-1.1453236,0,1,0,0.0,0.0,-2.260283699999999,-2.729753800000001,0.1,0.06,0,8,0.38201410908211203
SELL,117908.1,0.008481181,0.0,0.4,2,3,25,-8.565259646087231e-05,62.530582739592596,117862.22,117693.9295,-0.0010585185122365948,0.0084975675,0.0010595729615319226,0.0029611264852948743,117918.2,117783.3,0.925129725722819,0,1,999.9999374661002,-0.4,0,1,0,0.0004000000250135615,inf,-2.260283699999999,-5.240208900000001,0.1,0.06,0,9,-0.5520543105788143
SELL,117908.1,0.008481181,0.0,0.4,2,3,25,0.0,66.13566948142314,117887.18000000001,117711.33499999999,0.0,0.008494571000000001,0.0010595729615319226,0.0029611264852948743,117918.2,117783.3,0.925129725722819,0,1,999.9999374661002,-0.4,0,1,0,0.0004000000250135615,inf,-2.260283699999999,-5.240208900000001,0.0,0.06,0,10,-0.5520531677924922
SELL,117908.1,0.008481181,0.0,0.4,2,3,25,0.0,67.1785812425289,117912.13999999998,117732.09,0.0,0.0084915745,0.0010595729615319226,0.0035329764326385896,117918.2,117783.3,0.925129725722819,0,1,999.9999374661002,-0.4,0,1,0,0.0004000000250135615,inf,-2.260283699999999,-5.240208900000001,0.0,0.06,0,11,-0.5798402909379542
SELL,118038.8,0.008481181,-1.1084903,0.0,2,3,30,0.0011084904260181272,86.12008476533173,117936.26000000001,117759.37999999998,0.0,0.0084896734,0.0010227428844742019,0.004645383129207722,118038.8,117783.3,1.0,0,1,1001.1084278228001,-1.1084903,0,1,0,0.0,0.0,-2.253813899999999,-6.3486992,0.0,0.06,0,12,0.3111829468196359
SELL,118038.8,0.008481181,-1.1084903,0.0,2,3,30,0.0,94.4180632435422,117960.38,117786.67,0.0,0.0084877723,0.0010227428844742019,0.004645383129207722,118038.8,117783.3,1.0,0,1,1001.1084278228001,-1.1084903,0,1,0,0.0,0.0,-2.216980599999999,-7.4571895,0.0,0.06,0,13,0.2933196882251242
SELL,118038.8,0.008481181,-1.1084903,0.0,2,3,30,0.0,94.2540544368235,117986.51999999999,117816.215,0.0,0.008486873600000002,0.0011084904260182046,0.005031167011074773,118038.8,117783.3,1.0,0,1,1001.1084278228001,-1.1084903,0,1,0,0.0,0.0,-3.325470899999999,-8.5656798,0.0,0.06,0,14,0.27544360624195113
SELL,118078.71,0.008490168,2.5080805,0.40100324,2,3,30,0.0003381091641054823,91.37701199492794,118020.64200000002,117841.81549999998,0.001059640160963271,0.0084868736,0.0014469743808949562,0.004355059723544246,118078.71,117783.3,1.0,0,1,1002.50808512328,2.10707726,1,0,0,0.0004000000059358005,0.15988451726330155,-0.817390399999999,-5.0460869000000015,0.1,0.08,1,0,1.4173339426708222
SELL,118078.71,0.008490168,0.0,0.40100324,2,3,30,0.0,76.65782206965308,118054.76400000001,117865.106,0.0,0.008486873600000002,0.0014469743808949562,0.003960534941320317,118078.71,117908.1,1.0,0,1,1002.50808512328,-0.40100324,0,1,0,0.0004000000059358005,inf,-0.817390399999999,-4.025600500000001,0.1,0.08,0,1,1.3678336118687047
BUY,118182.9,0.008461461,0.0,0.4,2,3,40,0.0008823775259738653,95.10395911855825,118083.584,117892.031,-0.0033812051775653496,0.0084819051,0.0012207850300070084,0.00457735344818793,118182.9,117908.1,1.0,1,0,999.9999992168999,-0.4,0,1,0,0.00040000000031324007,inf,0.29109990000000097,-4.025600500000001,0.1,0.08,0,2,-0.8029505795448695
SELL,118182.9,0.008461461,0.0,0.4,2,3,40,0.0,103.22829153562476,118112.40400000001,117918.956,0.0,0.0084790344,0.0012207850300070084,0.00457735344818793,118182.9,117908.1,1.0,0,1,999.9999992168999,-0.4,0,1,0,0.00040000000031324007,inf,1.399590200000001,-4.025600500000001,0.1,0.08,0,3,-0.8029497089906674
SELL,118182.9,0.008461461,0.0,0.4,2,3,40,0.0,101.84900280989655,118141.224,117944.106,0.0,0.0084770624,0.0012207850300070084,0.004274306827249174,118182.9,117908.1,1.0,0,1,999.9999992168999,-0.4,0,1,0,0.00040000000031324007,inf,2.508080500000001,-3.003049900000001,0.1,0.08,0,4,-0.8415455059665464
SELL,118199.0,0.008490168,-1.0212823,0.0,2,3,40,0.00013622952220671003,93.62534898934653,118165.282,117964.696,0.003392676512956827,0.008477961099999999,0.0010187272540493845,0.003496135403507367,118199.0,117908.1,1.0,0,1,1003.529367432,-1.0212823,0,1,0,0.0,0.0,-1.021282299999999,-6.528311400000001,0.1,0.08,0,5,2.1335700637560606
SELL,118311.3,0.008461461,-1.0864516,0.0,2,3,44,0.0009500926403775978,91.97333729612582,118211.8,117990.901,-0.0033812051775653496,0.008475989100000001,0.0019697877796937017,0.0044495496964016956,118311.3,118038.8,1.0,0,1,1001.0864508093,-1.0864516,0,1,0,0.0,0.0,-2.107733899999999,-7.614763000000002,0.1,0.08,0,6,0.03875175656861498
SELL,118311.3,0.008461461,-1.0864516,0.0,2,3,44,0.0,100.81324205377798,118237.47999999998,118017.101,0.0,0.0084740171,0.0010864515932508742,0.004448696930823612,118311.3,118038.8,1.0,0,1,1001.0864508093,-1.0864516,0,1,0,0.0,0.0,-3.194185499999999,-7.4865371000000005,0.1,0.08,0,7,0.039317316083209604
SELL,118489.99,0.008461461,2.5984302,0.40103936,2,3,48,0.0015103375586271728,135.3335140765013,118298.898,118052.2355,0.0,0.0084720451,0.002598430060524924,0.005965753523512317,118489.99,118038.8,1.0,0,1,1002.59842927539,2.19739084,1,0,0,0.00039999998832019316,0.15433909288769812,-0.5957552999999987,-3.6734294000000007,0.2,0.1,1,0,1.2787379936022798
BUY,118279.9,0.008454522,0.0,0.4,2,3,55,-0.0017730611674455776,123.24193779838457,118318.298,118077.0655,-0.0008200711437420516,0.008469379199999998,0.0008207617176427386,0.0042162174094289365,118489.99,118078.71,0.4891801205990769,1,0,1000.0000167078,-0.4,0,1,0,0.00039999999331688014,inf,-0.5957552999999987,-3.6734294000000003,0.2,0.1,0,1,-0.9277103919047283
SELL,118279.9,0.008454522,0.0,0.4,2,3,55,0.0,111.72732193492682,118334.478,118101.89550000001,0.0,0.0084658146,0.0006844389546442371,0.0042162174094289365,118489.99,118078.71,0.4891801205990769,0,1,1000.0000167078,-0.4,0,1,0,0.00039999999331688014,inf,0.4255270000000013,-3.6734294000000003,0.1,0.1,0,2,-0.9024034178496918
SELL,118279.9,0.008454522,0.0,0.4,2,3,55,0.0,94.22269135216219,118328.198,118126.72550000002,0.0,0.00846225,-0.0002654015296933491,0.0042162174094289365,118489.99,118182.9,0.3158683122211616,0,1,1000.0000167078,-0.4,0,1,0,0.00039999999331688014,inf,1.5119786000000013,-3.6734294000000003,0.1,0.08,0,3,-0.8667657393322651
SELL,118279.9,0.008454522,0.0,0.4,2,3,55,0.0,89.1142425895751,118321.91799999999,118144.81049999999,0.0,0.0084615561,-0.0002654015296933491,0.0030673806079129185,118489.99,118182.9,0.3158683122211616,0,1,1000.0000167078,-0.4,0,1,0,0.00039999999331688014,inf,2.598430200000001,-2.5584693000000005,0.1,0.08,0,4,-0.832195652864791
SELL,118399.0,0.008454522,-1.0069336,0.0,3,3,0,0.0010069335533764434,89.23433276172167,118303.72,118168.85049999999,0.0,0.0084608622,-0.0007679129688508307,0.004077402809744407,118489.99,118182.9,0.7037024976391222,0,1,1001.0069502780001,-1.0069336,0,1,0,0.0,0.0,-1.006933599999999,-2.4200793000000003,0.1,0.08,0,5,0.014059970227958431
SELL,118399.0,0.008454522,-1.0069336,0.0,3,3,0,0.0,83.34520881444598,118327.54,118193.39550000001,0.0,0.0084601683,0.0010069335533764048,0.004163412013254341,118489.99,118199.0,0.6873088422282428,0,1,1001.0069502780001,-1.0069336,0,1,0,0.0,0.0,-2.013867199999999,-3.4270129000000003,0.1,0.08,0,6,-0.0033593940341537457
SELL,118399.0,0.008454522,-1.0069336,0.0,3,3,0,0.0,73.74898454363536,118351.36000000002,118217.9405,0.0,0.0084566037,0.0010069335533764048,0.004163412013254341,118489.99,118279.9,0.5668999000428366,0,1,1001.0069502780001,-1.0069336,0,1,0,0.0,0.0,-3.020800799999999,-4.4339465,0.1,0.08,0,7,-0.0033460704365422546
SELL,118354.7,0.008449178,0.0,0.4,3,3,10,-0.0003741585655284707,72.95423930334339,118366.31999999999,118240.27050000001,-0.0006320877750393139,0.008455375400000001,0.0006323982350340414,0.003787695671459308,118489.99,118279.9,0.356037888523961,0,1,999.9999274365999,-0.4,0,1,0,0.00040000002902536216,inf,-3.020800799999999,-4.4339465,0.1,0.08,0,8,-0.8557010635630765
SELL,118354.7,0.008449178,0.0,0.4,3,3,10,0.0,71.86008944158561,118381.28,118256.0655,0.0,0.0084541471,0.0006323982350340414,0.0026762386605081903,118489.99,118279.9,0.356037888523961,0,1,999.9999274365999,-0.4,0,1,0,0.00040000002902536216,inf,-3.020800799999999,-3.3254562000000005,0.1,0.08,0,9,-0.8556996336505589
SELL,118354.7,0.008449178,0.0,0.4,3,3,10,0.0,53.231215780202305,118372.42,118271.8605,0.0,0.0084529188,-0.0003741585655284497,0.0026762386605081903,118399.0,118279.9,0.6280436607892464,0,1,999.9999274365999,-0.4,0,1,0,0.00040000002902536216,inf,-2.013867199999999,-2.2169659000000004,0.0,0.08,0,10,-0.8322325024152691
BUY,118229.7,0.008458111,0.0,0.4,3,3,25,-0.0010561473266376131,61.11043282536939,118338.56000000001,118281.40550000002,0.001057262611818599,0.008453277700000001,-0.0014299107255973692,0.0016172648315638093,118399.0,118229.7,0.0,1,0,999.9999260967,-0.4,0,1,0,0.0004000000295613222,inf,-1.006933599999999,-1.1084756000000004,0.0,0.08,0,11,-0.8322317142702462
BUY,118160.0,0.008454522,-1.0136971,0.0,3,3,26,-0.0005895303802682106,81.16796302928468,118290.76000000001,118285.47000000002,-0.0004243264246591716,0.008453277700000001,-0.002018598130051774,0.0006884390928728268,118399.0,118160.0,0.0,1,0,998.98631952,-1.0136971,0,1,0,0.0,0.0,-1.013697099999999,-4.6302532,0.0,0.08,0,12,-1.6911186398644347
BUY,118107.4,0.008458111,-1.0344269,0.0,3,3,27,-0.00044515910629661093,105.55407724157081,118241.3,118286.90450000002,0.0004245065540073867,0.008453636600000002,-0.0020894818710199335,0.00024297352164490767,118399.0,118107.4,0.0,1,0,998.9654991214001,-1.0344269,0,1,0,0.0,0.0,-2.0481239999999987,-5.6646801,0.0,0.08,0,13,-1.626386016443724
BUY,118205.3,0.008459858,0.0,0.4,3,3,40,0.0008289065714766064,109.97524216379105,118211.42,118288.02449999998,0.00020654730116453912,0.008454170200000001,-0.0012623072847972592,0.0001895367265485001,118399.0,118107.4,0.33573388203020155,1,0,1000.0000528474001,-0.4,0,1,0,0.0003999999788610411,inf,-2.0481239999999987,-5.6646801,0.0,0.08,0,14,-0.7128448569153927
BUY,118075.1,0.008459858,-1.1014736,0.0,3,3,51,-0.0011014734533899562,123.27674557712979,118155.5,118282.6345,0.0,0.008454703800000001,-0.0023623903402230015,-0.0009121454965142026,118399.0,118075.1,0.0,1,0,998.8985793358002,-1.1014736,0,1,0,0.0,0.0,-3.149597599999999,-6.7661537,0.0,0.08,0,15,-1.5752200045546936
BUY,117992.72,0.008449178,3.0584335,0.3987766,3,3,54,-0.0006976915539347317,139.68352967441155,118108.104,118273.1255,-0.001262432537283864,0.008454169400000001,-0.0020044032929119834,-0.001609200654240106,118399.0,117992.72,0.0,1,0,996.94149398416,2.6596569,1,0,0,0.00040000000241371833,0.13038589853269655,-0.09116409999999897,-3.7077202000000002,0.1,0.08,1,0,-2.8940008677975393
BUY,117992.72,0.008449178,0.0,0.3987766,3,3,54,0.0,141.97797193799988,118074.648,118262.8115,0.0,0.008453635000000001,-0.0014157075152335717,-0.0017451924297159777,118354.7,117992.72,0.0,1,0,996.94149398416,-0.3987766,0,1,0,0.00040000000241371833,inf,0.9225330000000009,-2.6864379000000005,0.1,0.08,0,1,-2.650644915071906
BUY,117992.72,0.008449178,0.0,0.3987766,3,3,54,0.0,139.37481234290635,118051.71200000001,118246.88250000002,0.0,0.008453635,-0.0009709806498152785,-0.0026927267302447166,118354.7,117992.72,0.0,1,0,996.94149398416,-0.3987766,0,1,0,0.00040000000241371833,inf,1.9569599000000009,-1.5999863000000003,0.1,0.08,0,2,-2.442905314888679
BUY,118012.3,0.008473693,0.0,0.4,3,3,55,0.00016594244119461088,123.72495375743847,118013.11200000001,118231.9325,0.002901465681040216,0.0084560865,-0.0016327525077132752,-0.0025272311266971116,118354.7,117992.72,0.054091386264439933,1,0,1000.0000004238999,-0.4,0,1,0,0.00039999999983044007,inf,1.9569599000000009,-0.5135347000000003,0.1,0.08,0,3,-0.34448175569885153
SELL,118012.3,0.008473693,0.0,0.4,3,3,55,0.0,92.6558497526461,118000.552,118208.048,0.0,0.008458538,-0.0005318648893797499,-0.004031479789980591,118229.7,117992.72,0.08262300616086625,0,1,1000.0000004238999,-0.4,0,1,0,0.00039999999983044007,inf,3.058433500000001,-3.1119649000000003,0.1,0.08,0,4,-0.34448057804334725
SELL,97000.0,0.008449178,-177.37123,0.3278281,4,3,0,-0.17805177934842387,6660.559075665218,113802.008,117144.05299999999,-0.0028930715332735613,0.0084576447,-0.17791538325415332,-0.17991137970187662,118205.3,97000.0,0.0,0,1,819.570266,-177.6990581,0,1,0,0.0003999999921910296,0.0018482597205871551,-177.37123,-180.4831949,0.1,0.08,0,5,-6.918460356718696
SELL,97000.0,0.008449178,0.0,0.3278281,4,3,0,0.0,8875.216646644201,109603.464,116080.05799999999,0.0,0.008457110299999999,-0.17791538325415332,-0.17991137970187662,118205.3,97000.0,0.0,0,1,819.570266,-0.3278281,0,1,0,0.0003999999921910296,inf,-177.37123,-180.4831949,0.1,0.08,0,6,-4.845750984579979
SELL,97000.0,0.008473693,0.0,0.32877928,4,3,0,0.0,10163.70474732204,105404.92,115016.063,0.002901465681040216,0.008458668499999999,-0.17791538325415332,-0.17991137970187662,118205.3,97000.0,0.0,0,1,821.9482209999999,-0.32877928,0,1,0,0.0003999999897803782,inf,-177.37123,-180.4831949,0.1,0.08,0,7,-3.879377295824787
BUY,97000.0,0.008473693,178.05177,0.32877928,4,3,0,0.0,10851.08055739266,101202.46,113952.068,0.0,0.008460052,-0.17805177934842387,-0.17991137970187662,118075.1,97000.0,0.0,1,0,821.9482209999999,177.72299072,1,0,0,0.0003999999897803782,0.0018465375547797138,0.6805400000000077,-2.431424899999996,0.2,0.1,1,0,-3.3314214585044293
BUY,118188.9,0.008461031,0.0,0.4,4,3,10,0.218442268041237,10861.00240631399,101237.78,113941.56300000001,-0.0014942717419663687,0.008460169299999999,0.001496454183165579,-0.0017745082306438891,118188.9,97000.0,1.0,1,0,999.9999467559,-0.4,0,1,0,0.00040000002129764113,inf,0.6805400000000077,-1.4244912999999961,0.2,0.1,0,1,0.28160780462286983
BUY,118188.9,0.008461031,0.0,0.4,4,3,10,0.0,10877.971854523375,105475.56000000001,113931.058,0.0,0.0084613546,0.21844226804123706,-0.0017745082306438891,118188.9,97000.0,1.0,1,0,999.9999467559,-0.4,0,1,0,0.00040000002129764113,inf,178.05177,-0.41755769999999615,0.1,0.1,0,2,0.2831735405789772
SELL,118188.9,0.008461031,0.0,0.4,4,3,10,0.0,10894.875621503821,109713.34,113920.553,0.0,0.0084625399,0.21844226804123706,-0.0017745082306438891,118188.9,97000.0,1.0,0,1,999.9999467559,-0.4,0,1,0,0.00040000002129764113,inf,178.05177,0.5893759000000038,0.1,0.08,0,3,0.2842814634269671
SELL,118188.9,0.008461031,0.0,0.4,4,3,10,0.0,10911.714012503486,113951.12,113912.26299999999,0.0,0.008463725200000001,0.21844226804123706,-0.0014008738140521915,118188.9,97000.0,1.0,0,1,999.9999467559,-0.4,0,1,0,0.00040000002129764113,inf,178.05177,0.5893759000000038,0.1,0.08,0,4,0.28539042827452477
SELL,118266.4,0.008455487,0.0,0.4,4,3,40,0.000655729937413696,10933.552413663712,118204.4,113907.848,-0.0006552392964878084,0.0084619046,0.21924123711340202,-0.0007460624715368542,118266.4,97000.0,1.0,0,1,1000.0000077367998,-0.4,0,1,0,0.0003999999969052801,inf,0.0,0.5893759000000038,0.1,0.08,0,5,0.2859280786257101
SELL,118313.1,0.008461031,-1.05086,0.0,4,3,43,0.0003948712398451626,10959.334753781486,118229.23999999999,113905.768,0.0006556689165273522,0.0084606384,0.001050860106152199,-0.0003514858303049331,118313.1,97000.0,1.0,0,1,1001.0508068061001,-1.05086,0,1,0,0.0,0.0,-1.05086,-0.46148409999999607,0.1,0.08,0,6,0.3073508064415319
SELL,118313.1,0.008461031,-1.05086,0.0,4,3,43,0.0,10257.817770396654,118254.07999999999,113909.938,0.0,0.008461823700000001,0.001050860106152199,0.0007054065095319428,118313.1,97000.0,1.0,0,1,1001.0508068061001,-1.05086,0,1,0,0.0,0.0,-2.10172,-1.512344099999996,0.1,0.08,0,7,0.30688416346027747
SELL,118395.6,0.008455487,-1.092449,0.0,4,3,45,0.000697302327468341,8962.368688243034,118295.42,113921.718,-0.0006552392964878084,0.0084624546,0.0017488952008184496,0.0019939065673663325,118395.6,97000.0,1.0,0,1,1001.0924566571999,-1.092449,0,1,0,0.0,0.0,-3.1941689999999996,-1.591095999999996,0.1,0.08,0,8,0.30724517838860355
SELL,118500.22,0.008461031,2.6340883,0.4010536,4,3,54,0.0008836477031239909,6730.974542717148,118357.68399999998,113941.35899999998,0.0006556689165273522,0.0084611884,0.0026340883111697208,0.0033259558672869526,118500.22,97000.0,1.0,0,1,1002.63403492682,2.2330347,1,0,0,0.0003999999860659747,0.15225518445983757,-0.5600806999999994,2.077419200000004,0.2,0.1,1,0,0.3373739915594034
SELL,118500.22,0.008461031,0.0,0.4010536,4,3,54,0.0,124.70621433384842,118404.448,113956.10500000001,0.0,0.0084599222,0.0019770619550439263,0.002494981189506716,118500.22,118188.9,1.0,0,1,1002.63403492682,-0.4010536,0,1,0,0.0003999999860659747,inf,-0.5600806999999994,2.077419200000004,0.1,0.1,0,1,0.3378219384105597
BUY,118421.7,0.008444399,0.0,0.4,4,3,55,-0.000662614803584316,122.45318408879581,118426.16800000002,113973.43500000001,-0.001965717889462981,0.008458259000000001,0.000917903427431039,0.0029354199149523585,118500.22,118188.9,0.7477836309906132,1,0,1000.0000850583,-0.4,0,1,0,0.0003999999659766829,inf,0.4907793000000005,3.1788928000000043,0.1,0.1,0,2,0.28483522860724464
BUY,118421.7,0.008444399,0.0,0.4,4,3,55,0.0,115.03726654214732,118447.88799999999,113994.884,0.0,0.0084565958,0.000917903427431039,0.003635648029810618,118500.22,118188.9,0.7477836309906132,1,0,1000.0000850583,-0.4,0,1,0,0.0003999999659766829,inf,1.5416393000000004,0.12045930000000382,0.1,0.1,0,3,0.28483516368732903
SELL,118421.7,0.008444399,0.0,0.4,4,3,55,0.0,101.33119506594967,118453.10800000001,114016.33300000001,0.0,0.008454932600000001,0.0002204473814904546,0.003635648029810618,118500.22,118188.9,0.7477836309906132,0,1,1000.0000850583,-0.4,0,1,0,0.0003999999659766829,inf,2.6340883,0.12045930000000382,0.1,0.1,0,4,0.28483509876741453
SELL,118388.0,0.008446802,0.0,0.4,5,3,10,-0.0002845762220944348,77.65799954606956,118430.66399999999,114036.097,0.0002845673208951016,0.0084535097,-0.0009470024612612632,0.003350037188735024,118500.22,118266.4,0.5200581643999751,0,1,999.999995176,-0.4,0,1,0,0.00040000000192960005,inf,0.0,0.12045930000000382,0.1,0.1,0,5,0.2848332477397834
BUY,118397.2,0.008446146,0.0,0.4,5,3,40,7.771057877481446e-05,63.46388442912254,118410.06000000001,114055.34199999999,-7.766252837460019e-05,0.0084525756,-0.0008693654745957777,0.0032615244343173902,118500.22,118313.1,0.4494442069260013,1,0,1000.0000371911999,-0.4,0,1,0,0.00039999998512352063,inf,0.0,0.12045930000000382,0.1,0.1,0,6,0.2853232096359769
SELL,118557.0,0.008444399,-1.1425272,0.0,5,3,52,0.0013496940806032587,69.80858705659172,118437.12,114082.577,-0.00020683990070735625,0.0084509124,0.0011425270875186128,0.004615620575143414,118557.0,118313.1,1.0,0,1,1001.142612243,-1.1425272,0,1,0,0.0,0.0,-1.1425272,-1.0220678999999961,0.1,0.1,0,7,0.3085185343944392
SELL,118557.0,0.008446802,-1.4275095,0.0,5,3,52,0.0,66.30893625178079,118464.18000000001,115160.427,0.0002845673208951016,0.0084494895,0.0011425270875186128,0.22223711340206184,118557.0,118388.0,1.0,0,1,1001.427504714,-1.4275095,0,1,0,0.0,0.0,-2.5700367,174.9216526,0.1,0.1,0,8,0.3141633275193315
SELL,118416.1,0.008444797,0.0,0.4,6,3,10,-0.0011884578725844808,64.52588304237865,118463.06000000001,116231.232,-0.00023736794114503912,0.008448420500000001,-4.7288630377635764e-05,0.22078453608247428,118557.0,118388.0,0.16627218934914686,0,1,999.9999260317,-0.4,0,1,0,0.0004000000295873222,inf,-2.5700367,174.9216526,0.1,0.08,0,9,0.2862760636468938
SELL,118416.1,0.008444797,0.0,0.4,6,3,10,0.0,63.9026191095775,118468.68000000001,117302.03700000001,0.0,0.0084467971,0.00023735513734505034,0.22078453608247428,118557.0,118388.0,0.16627218934914686,0,1,999.9999260317,-0.4,0,1,0,0.0004000000295873222,inf,-2.5700367,174.9216526,0.0,0.08,0,10,0.2873887322493974
BUY,118301.9,0.008444399,-1.011639,0.0,7,3,27,-0.0009643958887348703,76.08495544202955,118449.62000000002,118367.13200000001,-4.712961128616744e-05,0.0084451339,-0.0008049176838641701,0.2196072164948453,118557.0,118301.9,0.0,1,0,998.9884460581,-1.011639,0,1,0,0.0,0.0,-3.5816757,-4.141756400000004,0.0,0.08,0,11,0.2672712060599619
BUY,118301.9,0.008444399,-1.011639,0.0,7,3,27,0.0,86.26024190495899,118398.6,118372.78199999998,0.0,0.008445133899999999,-0.0021517076174330137,0.0009560965539065006,118557.0,118301.9,0.0,1,0,998.9884460581,-1.011639,0,1,0,0.0,0.0,-3.4507874999999997,-5.1533954000000035,0.0,0.08,0,12,0.2677136890600356
BUY,118350.0,0.008449514,0.0,0.4,7,3,40,0.00040658687645755975,88.84669005371232,118357.2,118380.83699999998,0.000605726943977869,0.0084456454,-0.0017459955970545813,0.0013630721666756,118557.0,118301.9,0.18855350842808594,1,0,999.9999819,-0.4,0,1,0,0.0004000000072400002,inf,-2.0232779999999995,-5.1533954000000035,0.0,0.08,0,13,0.2882794791301213
BUY,118275.9,0.008446146,-1.0245175,0.0,8,3,8,-0.0006261089987326107,98.29941166404494,118329.16,118385.187,-0.00039860280721470964,0.0084458201,-0.001183960626975653,0.0007361097361935005,118557.0,118275.9,0.0,1,0,998.9755196814,-1.0245175,0,1,0,0.0,0.0,-3.0477954999999994,-6.1779129000000035,0.0,0.08,0,14,0.26946285660305314
BUY,118263.2,0.008455716,0.0,0.4,8,3,10,-0.0001073760588589101,106.98222126516201,118298.58,118388.902,0.0011330611618600717,0.0084467115,-0.0012912095568086495,0.000628654636772175,118557.0,118263.2,0.0,1,0,1000.0000324512,-0.4,0,1,0,0.0003999999870195204,inf,-3.0477954999999994,-6.1779129000000035,0.0,0.08,0,15,0.29078645659366414
SELL,118559.99,0.008455716,1.7743134,0.40100384,8,3,42,0.00250957187020151,120.7731607838465,118350.198,118403.58150000001,0.0,0.008447668500000002,0.002181621766007233,0.0024824464091239024,118559.99,118263.2,1.0,0,1,1002.5096044028401,1.37330956,1,0,0,0.00039999999824327266,0.2260050789223595,-0.2618430999999999,-4.403599500000004,0.1,0.1,1,0,0.3412014325559056
SELL,118549.0,0.008444797,-1.1223135,0.0,8,3,42,-9.269568933001349e-05,119.63813554561865,118399.61799999999,118415.37650000001,-0.0012913158388951906,0.0084477083,0.002088723849743798,0.001993862049088344,118559.99,118263.2,0.9629704504868596,0,1,1001.1222395530001,-1.1223135,0,1,0,0.0,0.0,-0.3725175999999999,-4.4750530000000035,0.1,0.08,0,1,0.31364309373940535
SELL,118549.0,0.008444797,-1.1223135,0.0,8,3,42,0.0,118.48623703080699,118439.41799999999,118427.17150000001,0.0,0.0084475078,0.001681453316434305,0.001993862049088344,118559.99,118263.2,0.9629704504868596,0,1,1001.1222395530001,-1.1223135,0,1,0,0.0,0.0,-1.4948310999999999,-4.546506500000004,0.1,0.08,0,2,0.3131423687064437
SELL,118622.4,0.008461031,-1.0337688,0.0,8,3,47,0.0006191532615205109,138.2410064953095,118508.718,118438.5115,0.0019223671095942585,0.008449131200000001,0.0029295908972157476,0.0019156117288141481,118622.4,118263.2,1.0,0,1,1003.6678036944,-1.0337688,0,1,0,0.0,0.0,-1.5040824,-4.487826300000004,0.1,0.08,0,3,0.36325475528265877
BUY,118658.1,0.008427574,0.0,0.4,8,3,55,0.0003009549629751085,157.52555591309792,118587.698,118446.40550000002,-0.003954246237840353,0.0084474089,0.0033391621400402556,0.0013323182016033782,118658.1,118263.2,1.0,1,0,999.9999184494001,-0.4,0,1,0,0.0004000000326202427,inf,-1.5040824,-7.121914600000004,0.1,0.08,0,4,0.28867461405888506
SELL,118658.1,0.008427574,0.0,0.4,8,3,55,0.0,162.2414658915129,118607.31999999999,118454.2995,0.0,0.0084457264,0.0008275135650736862,0.0013323182016033782,118658.1,118263.2,1.0,0,1,999.9999184494001,-0.4,0,1,0,0.0004000000326202427,inf,-3.2783958,-7.121914600000004,0.1,0.08,0,5,0.28867465741504095
SELL,118658.1,0.008427574,0.0,0.4,8,3,55,0.0,158.14792080402074,118629.13999999998,118466.11949999999,0.0,0.0084440439,0.0009202945617424509,0.001996255753801953,118658.1,118263.2,1.0,0,1,999.9999184494001,-0.4,0,1,0,0.0004000000326202427,inf,-2.1560823,-7.121914600000004,0.1,0.08,0,6,0.2891203240803817
SELL,118658.1,0.008427574,0.0,0.4,8,3,55,0.0,152.47571496681633,118650.96,118477.93950000001,0.0,0.008441849900000001,0.0009202945617424509,0.001996255753801953,118658.1,118263.2,1.0,0,1,999.9999184494001,-0.4,0,1,0,0.0004000000326202427,inf,-1.0337688,-7.121914600000004,0.1,0.08,0,7,0.2895661563001787
SELL,118800.0,0.008427574,-1.1958728,0.0,9,3,15,0.0011958728481240577,139.11769281674225,118686.48000000001,118496.85449999999,0.0,0.0084399927,0.00149718771496788,0.0031945158699799355,118800.0,118263.2,1.0,0,1,1001.1957912,-1.1958728,0,1,0,0.0,0.0,-1.1958728,-8.317787400000004,0.1,0.08,0,8,0.3138037862297207
SELL,118800.0,0.008427574,-1.1958728,0.0,9,3,15,0.0,90.98940212524586,118714.86000000002,118517.45449999999,0.0,0.0084371785,0.0011958728481240991,0.0034800824407879177,118800.0,118549.0,1.0,0,1,1001.1957912,-1.1958728,0,1,0,0.0,0.0,-2.3917456,-9.513660200000004,0.1,0.08,0,9,0.31327049736968604
SELL,118800.0,0.008427574,-1.1958728,0.0,9,3,15,0.0,95.76325901933713,118743.24000000002,118537.5945,0.0,0.0084343643,0.0011958728481240991,0.003402107482271565,118800.0,118549.0,1.0,0,1,1001.1957912,-1.1958728,0,1,0,0.0,0.0,-3.5876184,-10.709533000000004,0.0,0.08,0,10,0.31273745046719786
SELL,118805.0,0.008417154,0.0,0.4,9,3,25,4.2087542087454466e-05,92.41359688445574,118772.62,118549.9945,-0.0012364175028306557,0.008431600000000001,0.001238010721560468,0.0020918208119301263,118805.0,118549.0,1.0,0,1,999.9999809699999,-0.4,0,1,0,0.0004000000076120002,inf,-3.5876184,-9.567005800000004,0.0,0.08,0,11,0.288424443962074
SELL,118805.0,0.008417154,0.0,0.4,9,3,25,0.0,80.33422959539449,118802.0,118562.39450000001,0.0,0.008428835700000002,0.001238010721560468,0.0020918208119301263,118805.0,118622.4,1.0,0,1,999.9999809699999,-0.4,0,1,0,0.0004000000076120002,inf,-3.5876184,-8.139496300000005,0.0,0.08,0,12,0.28842441975450156
SELL,118805.0,0.008417154,0.0,0.4,9,3,25,0.0,74.59577289350678,118803.0,118581.8395,0.0,0.008424448,4.208754208754209e-05,0.003284181796225295,118805.0,118658.1,1.0,0,1,999.9999809699999,-0.4,0,1,0,0.0004000000076120002,inf,-2.3917456,-8.139496300000005,0.0,0.08,0,13,0.2879785681306233
BUY,118622.0,0.008430139,0.0,0.4,9,3,40,-0.0015403392113126912,79.93682297234524,118767.4,118592.1345,0.0015426829543572218,0.008424704500000001,-0.0014983164983164983,0.0017387838309148348,118805.0,118622.0,0.0,1,0,999.999948458,-0.4,0,1,0,0.0004000000206168011,inf,-1.1958728,-8.139496300000005,0.0,0.08,0,14,0.28752310122828995
BUY,118523.6,0.008427574,-1.1335087,0.0,10,3,56,-0.0008295257203553286,103.3469646934669,118712.12000000002,118603.2195,-0.00030426544568240566,0.0084247045,-0.0023265993265992775,0.0018740189295354652,118805.0,118523.6,0.0,1,0,998.8664097464001,-1.1335087,0,1,0,0.0,0.0,-1.1335087,-8.261366000000004,0.0,0.08,0,15,0.2649769422016542
BUY,118500.1,0.008430139,-1.0276339,0.0,11,3,2,-0.00019827274905592773,124.98010330632269,118651.14000000001,118613.12950000001,0.00030435805132045246,0.008424961,-0.0025663903034383586,0.0016753746135946392,118805.0,118500.1,0.0,1,0,998.9723145139,-1.0276339,0,1,0,0.0,0.0,-2.1611426,-8.277360900000005,0.0,0.08,0,16,0.2670977926977116
BUY,118500.01,0.008417154,2.5671477,0.39897314,11,3,8,-7.5949303002254e-07,141.45183699058396,118590.14200000002,118620.63,-0.001540306749390541,0.008423918999999998,-0.0025671478473128675,0.001267511618081916,118805.0,118500.01,0.0,1,0,997.4328331715399,2.16817456,1,0,0,0.00040000000674870914,0.1554149533351743,0.4060050999999998,-5.7102132000000045,0.1,0.08,1,0,0.23559007306787416
BUY,118500.01,0.008417154,0.0,0.39897314,11,3,8,0.0,148.5922378569498,118529.144,118631.83550000002,0.0,0.008422877,-0.0025671478473128675,0.0018948069725108884,118805.0,118500.01,0.0,1,0,997.4328331715399,-0.39897314,0,1,0,0.00040000000674870914,inf,0.4060050999999998,-4.685695700000005,0.1,0.08,0,1,0.23537925006150812
BUY,118500.01,0.008417154,0.0,0.39897314,11,3,8,0.0,148.83150689881904,118504.746,118643.676,0.0,0.008421834999999999,-0.0010283927096154612,0.002002398040979761,118805.0,118500.01,0.0,1,0,997.4328331715399,-0.39897314,0,1,0,0.00040000000674870914,inf,0.4060050999999998,-4.685695700000005,0.1,0.08,0,2,0.23516845695696476
SELL,118464.9,0.008441319,0.0,0.4,11,3,11,-0.00029628689482807946,145.5091790200814,118493.00600000001,118638.92149999998,0.0028709228796335307,0.0084232095,-0.0004952600157269239,-0.0008020412282424371,118805.0,118464.9,0.0,0,1,1000.0000112030998,-0.4,0,1,0,0.00039999999551876015,inf,1.5395137999999997,-6.460009100000004,0.1,0.08,0,3,0.287350510458034
SELL,118464.9,0.008441319,0.0,0.4,11,3,11,0.0,132.06052998185646,118485.96599999999,118634.71649999998,0.0,0.008425625999999999,-0.00029704616283034055,-0.0007094112982817723,118805.0,118464.9,0.0,0,1,1000.0000112030998,-0.4,0,1,0,0.00039999999551876015,inf,2.5671476999999996,-5.337695600000004,0.1,0.08,0,4,0.28735050570672416
SELL,118531.8,0.008436555,0.0,0.4,11,3,41,0.0005647242347734949,102.70758243767526,118492.324,118633.8565,-0.0005643667772772254,0.008427566099999999,0.0002682700195553414,-0.0001450876852609224,118805.0,118464.9,0.19670685092622048,0,1,1000.0000499490001,-0.4,0,1,0,0.000399999980020401,inf,0.0,-4.215382100000005,0.1,0.08,0,5,0.24498946605295704
SELL,118585.1,0.008441319,-1.0146465,0.0,12,3,0,0.00044966835903959,49.9503195537173,118509.34199999999,118631.9915,0.0005646854669945078,0.0084299826,0.000718059011134354,-0.0003144431405871771,118622.0,118464.9,0.76511775938897,0,1,1001.0146577469,-1.0146465,0,1,0,0.0,0.0,-1.0146465,-4.196259800000004,0.1,0.08,0,6,0.22411424167737637
SELL,118585.1,0.008441319,-1.0146465,0.0,12,3,0,0.0,42.29170159165265,118526.36000000002,118628.34150000001,0.0,0.0084311006,0.000718059011134354,-0.0006152129521709854,118585.1,118464.9,1.0,0,1,1001.0146577469,-1.0146465,0,1,0,0.0,0.0,-2.029293,-5.210906300000005,0.1,0.08,0,7,0.17162252825389349
SELL,118672.6,0.008436555,-1.1878669,0.0,12,3,1,0.0007378667303059583,65.38450225117356,118567.9,118629.0665,-0.0005643667772772254,0.0084319987,0.0017532619366581296,0.00012219983296546968,118672.6,118464.9,1.0,0,1,1001.1879168930001,-1.1878669,0,1,0,0.0,0.0,-3.2171599,-6.398773200000004,0.1,0.06,0,8,0.7581940203039824
SELL,118515.6,0.008437708,0.0,0.4,12,3,11,-0.0013229675594872425,64.76580048460791,118578.04,118621.9415,0.00013666715857363343,0.0084327556,0.00042797486850545307,-0.0012009293929365124,118672.6,118464.9,0.2441020702937352,0,1,1000.0000262448001,-0.4,0,1,0,0.00039999998950208027,inf,-3.2171599,-6.398773200000004,0.1,0.06,0,9,-0.2197587066641583
SELL,118515.6,0.008437708,0.0,0.4,12,3,11,0.0,64.09427237516145,118574.8,118614.8165,0.0,0.008434811,-0.0001366721841733365,-0.0012009293929365124,118672.6,118464.9,0.2441020702937352,0,1,1000.0000262448001,-0.4,0,1,0,0.00039999998950208027,inf,-3.2171599,-6.398773200000004,0.0,0.06,0,10,-0.21976007998443042
BUY,118482.0,0.008440101,0.0,0.4,12,3,26,-0.0002835069813594826,65.38191126986757,118554.18000000001,118598.9165,0.0002836078233567907,0.0084371057,-0.000869417827366219,-0.0026767676767676767,118672.6,118464.9,0.0823302840635766,1,0,1000.0000466820001,-0.4,0,1,0,0.00039999998132720087,inf,-2.2025134,-5.202900400000004,0.0,0.06,0,11,-0.219744981102614
SELL,118441.1,0.008443015,0.0,0.4,12,3,41,-0.00034520011478533785,70.97527034247766,118525.38,118580.97150000001,0.00034525653188266503,0.0084396918,-0.0012143178190177348,-0.003021043771043722,118672.6,118441.1,0.0,0,1,999.9999839165,-0.4,0,1,0,0.0004000000064334001,inf,-1.1878669,-4.007027600000004,0.0,0.06,0,12,-0.21979729595436043
SELL,118561.0,0.008443015,-1.0123175,0.0,12,3,46,0.001012317514781591,68.25658779904265,118503.06000000001,118569.0215,0.0,0.0084398614,-0.0009404024180813921,-0.002011784511784512,118672.6,118441.1,0.5179265658747049,0,1,1001.012301415,-1.0123175,0,1,0,0.0,0.0,-1.0123175,-3.823472300000004,0.0,0.06,0,13,0.5950381019129858
SELL,118512.6,0.0067472584,0.0,0.31985405,12,3,56,-0.0004082286755340281,64.32995241697056,118502.46,118554.4015,-0.20084728026658727,0.00827045534,-2.5313123335662138e-05,-0.002461175876436128,118672.6,118441.1,0.30885529157667385,0,1,799.6351358558401,-0.31985405,0,1,0,0.00039999999456960327,inf,-1.0123175,-3.823472300000004,0.0,0.06,0,14,-6.923317028007897
